id,trust,threat,age,male,education,income
1,4,0,42,1,8,3
2,5,1,39,0,1,0
3,6,0,46,1,9,3
4,8,0,34,0,4,1
5,7,0,39,0,1,0
6,4,0,39,1,4,2
7,6,0,42,0,5,2
8,6,0,43,1,9,3
9,4,0,34,1,7,3
10,3,0,41,0,5,0
11,9,0,40,1,4,2
12,8,0,44,1,10,1
13,5,1,35,0,10,1
14,10,0,58,1,7,3
15,5,0,23,1,4,2
16,5,0,49,1,7,3
17,5,0,48,0,5,0
18,0,0,47,1,4,2
19,6,0,41,0,1,0
20,5,0,21,0,0,0
21,9,0,73,1,7,0
22,9,0,49,1,7,3
23,9,0,47,0,10,1
24,4,0,33,0,4,0
25,5,0,44,1,7,3
26,0,1,19,1,0,0
27,5,0,43,0,10,1
28,7,0,43,1,10,3
29,10,0,42,1,5,1
30,6,0,43,1,10,3
31,5,0,48,1,4,0
32,0,0,19,1,0,0
33,5,0,16,1,0,0
34,7,0,44,0,7,3
35,6,0,28,0,10,2
36,0,1,30,0,4,2
37,4,0,34,1,10,3
38,5,0,65,0,10,0
39,7,0,59,1,4,3
40,5,1,58,0,4,3
41,7,0,47,0,10,3
42,3,1,49,0,4,2
43,3,0,20,1,1,0
44,5,0,14,1,1,0
45,10,0,38,0,7,3
46,7,0,37,1,7,3
47,6,0,21,0,4,0
48,6,0,60,1,10,3
49,10,0,33,1,10,3
50,7,0,46,0,6,2
51,7,0,17,1,1,0
52,6,0,51,1,4,2
53,4,0,56,0,4,1
54,7,0,26,1,10,2
55,10,0,46,1,4,3
56,5,0,16,0,1,0
57,5,0,40,0,4,1
58,4,1,18,1,1,0
59,4,0,15,1,1,0
60,10,0,42,0,10,1
61,6,0,46,1,10,3
62,0,0,38,1,4,2
63,6,0,34,0,4,1
64,8,0,61,1,4,3
65,6,1,53,1,4,0
66,5,0,27,0,3,1
67,4,0,26,0,4,1
68,7,0,50,0,4,1
69,9,0,50,0,4,1
70,7,0,37,0,6,1
71,5,1,55,0,4,0
72,7,0,62,1,9,3
73,8,0,62,0,5,0
74,10,1,55,0,5,1
75,0,1,22,1,1,0
76,5,1,48,0,4,0
77,5,1,16,1,4,0
78,6,0,37,1,4,2
79,8,0,32,1,10,1
80,10,0,39,0,6,1
81,5,0,45,1,9,3
82,4,0,40,0,8,3
83,8,0,48,0,10,1
84,7,0,47,1,10,3
85,7,1,16,1,1,0
86,8,0,48,0,1,1
87,7,0,45,0,4,1
88,6,0,47,1,10,3
89,7,1,43,0,10,3
90,7,0,57,1,1,2
91,7,0,43,1,10,3
92,8,0,37,0,10,3
93,6,0,42,0,4,1
94,6,0,40,0,4,1
95,7,0,37,1,8,3
96,1,0,83,0,1,0
97,8,0,57,1,10,3
98,8,0,36,1,10,3
99,7,0,34,1,10,1
100,5,1,41,0,2,3
101,9,0,26,1,10,3
102,4,0,49,1,5,1
103,7,0,53,0,5,2
104,2,0,34,1,4,1
105,7,0,72,1,6,1
106,8,0,43,1,10,3
107,5,0,43,1,4,2
108,8,0,58,0,6,3
109,6,0,40,0,4,2
110,0,0,61,0,10,1
111,8,1,30,0,8,2
112,8,0,40,0,3,1
113,7,0,39,1,4,3
114,4,1,36,0,4,2
115,5,0,41,1,4,3
116,3,0,41,0,4,1
117,6,0,63,1,4,2
118,5,0,62,0,4,0
119,8,0,35,1,4,2
120,8,1,43,0,4,1
121,8,0,25,0,6,1
122,5,0,44,1,4,1
123,6,0,38,1,9,3
124,0,1,44,0,1,0
125,7,0,69,1,8,0
126,5,0,37,0,4,0
127,7,0,33,1,8,2
128,7,0,45,0,4,1
129,7,0,45,1,9,2
130,8,0,52,1,7,3
131,8,0,49,0,7,0
132,5,0,25,0,1,1
133,5,0,23,1,6,1
134,5,0,19,0,6,1
135,5,1,44,1,6,3
136,5,0,17,0,1,0
137,2,0,64,1,7,2
138,10,0,62,0,4,2
139,5,0,43,0,4,1
140,8,0,42,1,4,2
141,5,0,19,0,1,0
142,5,0,16,1,0,0
143,7,0,31,1,4,3
144,7,0,59,0,6,2
145,5,0,61,1,4,3
146,10,0,61,0,1,1
147,8,0,43,0,10,1
148,7,0,69,1,5,3
149,0,0,48,1,5,3
150,0,0,47,0,4,0
151,3,1,24,0,4,2
152,4,0,22,1,5,1
153,5,0,37,1,4,1
154,8,0,62,0,4,0
155,6,0,57,1,3,3
156,7,0,26,1,6,1
157,6,0,23,0,4,1
158,10,0,60,1,7,3
159,8,0,59,0,5,0
160,8,0,56,1,6,3
161,8,0,20,1,4,1
162,7,0,60,0,10,1
163,5,1,44,0,10,1
164,8,1,44,1,10,3
165,6,0,47,0,10,1
166,6,0,58,0,10,3
167,8,0,27,0,7,1
168,6,0,54,1,4,3
169,7,0,48,0,4,1
170,6,0,69,0,10,0
171,8,0,38,0,4,1
172,6,0,59,1,4,2
173,4,0,42,1,8,3
174,8,0,40,0,5,0
175,7,0,42,1,9,2
176,8,0,31,0,10,2
177,7,0,51,1,6,3
178,1,0,45,0,4,0
179,7,0,23,0,0,0
180,3,0,20,0,7,1
181,8,0,55,1,7,3
182,6,0,49,1,4,2
183,4,0,60,1,4,1
184,0,0,53,0,0,0
185,7,0,27,0,4,1
186,5,1,19,1,4,1
187,8,0,43,0,4,1
188,5,0,43,1,7,3
189,8,0,60,1,3,3
190,9,0,59,1,9,3
191,9,0,59,0,6,1
192,7,0,51,1,10,3
193,7,0,49,0,6,1
194,5,0,42,0,9,1
195,8,1,42,1,8,3
196,7,0,38,0,7,1
197,7,0,35,1,1,2
198,6,1,36,1,10,3
199,7,0,57,1,6,1
200,9,0,54,0,2,0
201,2,0,36,1,4,2
202,6,0,42,1,4,2
203,4,0,39,1,4,2
204,10,1,37,0,9,1
205,9,1,41,0,10,1
206,6,0,35,0,1,0
207,4,0,41,1,5,2
208,7,0,47,0,4,0
209,6,0,44,1,10,3
210,8,0,38,0,4,2
211,9,0,44,0,6,1
212,7,1,28,1,4,1
213,10,0,51,1,10,3
214,9,0,19,0,3,0
215,5,0,17,0,0,0
216,7,0,44,1,7,3
217,7,0,43,0,4,0
218,3,1,18,1,1,0
219,6,0,46,0,6,3
220,7,1,53,1,7,3
221,4,0,59,0,4,0
222,6,0,46,1,10,3
223,8,0,40,0,4,1
224,7,0,19,1,1,0
225,6,0,18,0,1,0
226,8,0,36,1,10,3
227,10,0,34,0,10,0
228,8,0,55,1,1,2
229,6,0,21,0,0,0
230,7,1,19,0,4,1
231,7,0,36,1,6,2
232,5,0,32,0,4,1
233,4,1,38,0,4,0
234,6,0,44,1,5,3
235,7,0,49,1,4,3
236,8,0,44,0,4,3
237,6,0,59,1,4,1
238,0,0,58,0,1,1
239,3,0,45,0,4,1
240,5,0,40,1,1,1
241,6,0,39,0,7,1
242,0,0,37,1,4,1
243,8,0,44,0,3,0
244,5,0,42,1,7,3
245,8,0,14,1,1,0
246,8,0,71,1,3,0
247,7,0,53,0,6,3
248,5,0,35,0,4,1
249,8,0,60,0,1,1
250,4,0,34,1,4,1
251,8,0,57,1,10,3
252,7,0,55,0,10,3
253,6,0,48,1,8,3
254,8,0,46,0,7,0
255,5,0,20,0,6,0
256,7,0,49,1,4,2
257,7,0,45,0,5,0
258,6,0,17,1,1,0
259,8,0,42,1,10,3
260,8,0,39,0,10,1
261,5,0,43,1,4,2
262,7,0,38,1,9,2
263,4,0,51,1,5,1
264,7,0,20,0,0,0
265,4,0,17,1,0,0
266,5,0,17,1,0,0
267,3,0,57,0,4,3
268,5,0,62,0,10,0
269,8,1,60,1,10,1
270,9,0,37,0,10,3
271,6,0,37,1,9,3
272,2,0,52,1,1,1
273,8,0,29,1,4,1
274,8,0,42,0,4,2
275,5,0,63,1,9,1
276,4,0,31,0,4,1
277,10,0,50,1,9,3
278,5,0,48,0,6,1
279,7,0,23,0,6,0
280,8,0,63,0,4,0
281,5,1,27,1,5,2
282,6,1,25,1,4,1
283,6,0,58,1,4,2
284,7,0,49,0,6,0
285,6,0,53,1,10,3
286,10,0,50,0,6,0
287,4,1,17,0,0,0
288,2,0,34,0,10,1
289,0,0,51,0,6,2
290,8,0,64,0,4,1
291,6,0,59,0,4,0
292,9,0,50,1,5,3
293,9,0,27,0,10,1
294,7,0,37,1,10,3
295,5,0,38,1,4,2
296,6,0,39,1,10,3
297,8,0,43,0,10,1
298,7,0,46,1,9,3
299,9,0,47,0,9,0
300,5,0,17,0,1,0
301,5,0,43,1,9,3
302,5,0,43,0,10,0
303,4,1,17,0,1,0
304,4,0,62,1,4,2
305,6,0,43,1,4,2
306,7,0,44,0,6,1
307,8,0,64,0,4,0
308,6,0,59,0,1,1
309,5,0,60,1,1,0
310,5,0,63,1,8,3
311,5,0,34,0,8,1
312,8,0,33,1,10,3
313,7,0,36,0,4,1
314,6,0,34,1,10,3
315,4,0,51,1,7,1
316,7,0,48,0,10,2
317,10,0,18,1,4,0
318,1,1,17,1,0,0
319,5,0,44,1,4,3
320,5,1,38,1,4,1
321,5,0,32,0,4,1
322,7,0,42,1,4,1
323,4,0,34,0,4,0
324,5,1,30,0,4,2
325,5,0,25,1,7,1
326,10,0,32,0,6,2
327,3,0,34,1,7,3
328,8,1,40,0,4,1
329,7,0,48,0,4,1
330,5,0,46,1,4,2
331,7,0,21,0,4,0
332,5,0,18,1,1,0
333,2,0,63,0,4,0
334,8,0,52,1,10,3
335,8,0,33,0,10,0
336,5,0,39,0,2,1
337,8,0,50,0,10,3
338,7,1,19,1,0,0
339,5,0,58,1,4,3
340,6,0,28,0,4,2
341,4,0,23,1,4,1
342,7,0,61,0,2,3
343,4,0,37,0,4,1
344,8,0,52,0,4,1
345,8,0,49,1,1,3
346,8,0,48,0,8,1
347,5,0,56,0,10,2
348,8,0,39,0,4,2
349,0,0,23,0,0,1
350,4,0,53,0,4,0
351,2,0,57,1,7,2
352,5,0,38,1,9,1
353,8,1,38,0,6,1
354,5,0,45,0,2,2
355,8,0,61,1,6,3
356,0,0,42,1,4,1
357,5,0,41,0,4,0
358,5,0,45,0,10,3
359,5,0,26,1,4,2
360,5,0,23,0,9,0
361,7,0,48,1,10,3
362,5,0,36,1,10,3
363,7,0,37,0,6,0
364,6,0,51,1,8,3
365,8,0,51,1,10,3
366,5,0,43,0,4,1
367,8,0,57,1,4,3
368,7,0,54,0,4,1
369,8,0,25,0,10,1
370,6,0,53,1,4,2
371,8,0,55,0,4,0
372,9,0,54,1,7,3
373,8,0,51,0,6,1
374,8,0,21,0,6,0
375,6,0,20,0,6,0
376,0,0,52,1,7,3
377,7,0,50,0,7,1
378,4,0,28,0,5,1
379,5,0,55,1,4,3
380,7,1,62,1,5,2
381,4,0,60,1,6,2
382,8,0,58,0,4,0
383,2,0,42,0,4,2
384,8,0,46,0,10,1
385,9,0,19,0,6,0
386,7,0,63,1,4,1
387,6,0,46,1,7,3
388,8,0,44,0,7,1
389,7,0,19,1,0,0
390,4,0,17,1,0,0
391,4,0,22,0,4,1
392,3,0,39,1,4,2
393,6,1,34,0,4,1
394,7,0,40,1,4,3
395,5,0,61,1,9,3
396,8,0,47,0,6,1
397,4,0,63,0,5,0
398,8,1,34,1,10,3
399,5,0,36,0,10,1
400,8,0,62,1,10,3
401,9,0,30,1,9,3
402,8,0,28,1,10,3
403,8,0,56,0,6,1
404,8,0,52,0,4,2
405,6,1,59,1,7,3
406,6,0,67,0,9,0
407,7,0,51,0,2,1
408,8,0,54,1,6,3
409,9,0,48,0,3,1
410,4,0,19,0,4,1
411,5,0,40,0,6,2
412,5,0,39,0,4,3
413,6,0,37,1,4,2
414,2,0,44,0,4,1
415,9,0,16,0,0,0
416,6,1,63,1,10,3
417,8,0,63,0,10,1
418,7,0,47,1,8,3
419,8,0,58,1,4,1
420,0,1,21,1,4,1
421,4,0,50,1,7,2
422,8,0,42,1,9,3
423,6,0,52,1,4,3
424,6,0,59,0,4,1
425,8,0,49,0,6,3
426,8,0,54,0,10,3
427,9,0,64,1,9,0
428,8,0,57,1,9,3
429,7,0,53,0,10,2
430,0,0,21,0,6,1
431,9,0,40,0,4,1
432,10,0,42,0,4,1
433,8,0,43,1,8,3
434,6,1,37,1,4,1
435,8,0,45,0,10,2
436,9,0,15,1,0,0
437,4,0,49,0,4,2
438,5,0,50,0,4,1
439,6,0,54,0,4,3
440,9,0,62,1,9,3
441,7,0,56,1,10,3
442,7,0,55,0,7,0
443,8,0,49,0,6,0
444,7,0,53,1,10,2
445,3,0,14,0,0,0
446,10,0,37,0,8,1
447,10,0,70,0,7,0
448,4,0,44,1,4,2
449,7,0,51,0,4,0
450,7,0,23,0,10,0
451,7,0,21,1,4,0
452,6,0,18,0,0,0
453,7,0,57,1,4,2
454,8,0,65,1,8,3
455,8,0,62,0,4,2
456,8,0,28,0,9,1
457,8,0,44,0,9,3
458,7,1,38,1,10,3
459,5,0,41,0,2,0
460,7,0,45,1,10,2
461,8,0,40,0,5,1
462,7,0,40,1,9,3
463,8,0,40,1,10,3
464,10,0,50,1,4,3
465,10,0,45,0,4,1
466,8,0,47,1,4,3
467,7,0,40,0,4,1
468,6,0,54,0,10,3
469,8,0,55,1,10,3
470,6,0,16,0,0,0
471,7,0,50,0,4,2
472,8,0,38,1,10,3
473,4,0,59,0,10,2
474,7,0,46,0,5,0
475,9,0,46,1,7,2
476,8,0,50,1,7,3
477,7,0,48,1,10,3
478,7,0,44,0,7,0
479,8,0,48,1,10,2
480,5,1,52,0,4,1
481,3,0,37,1,9,3
482,7,0,44,0,4,1
483,3,1,19,1,4,1
484,10,1,53,1,8,2
485,8,0,50,0,6,0
486,5,0,40,1,7,3
487,5,0,57,0,4,1
488,8,0,43,1,9,3
489,6,0,73,1,7,1
490,8,0,69,0,4,0
491,6,0,43,0,10,3
492,5,0,39,0,4,2
493,7,0,46,1,7,2
494,5,0,19,0,4,1
495,8,1,17,1,0,0
496,7,0,36,0,10,3
497,9,0,36,1,10,2
498,7,0,51,1,4,2
499,9,0,47,0,4,0
500,7,0,17,0,0,0
501,5,0,72,1,9,3
502,6,0,50,1,4,3
503,3,0,39,1,4,1
504,7,0,72,1,4,0
505,6,0,42,1,4,3
506,10,0,48,1,6,1
507,7,0,54,0,4,2
508,7,0,20,1,5,0
509,5,0,42,1,10,3
510,7,0,40,0,5,1
511,5,0,58,1,6,3
512,4,0,60,1,4,3
513,7,0,60,0,4,1
514,9,0,34,1,10,3
515,7,0,29,1,6,0
516,9,0,39,0,10,3
517,7,0,50,0,10,1
518,7,0,19,1,6,0
519,7,0,17,0,1,0
520,9,0,43,1,9,2
521,9,0,52,1,9,3
522,10,0,44,0,9,2
523,5,0,49,0,10,1
524,5,0,40,1,10,3
525,7,0,34,0,10,2
526,10,0,42,0,6,0
527,8,1,44,1,4,1
528,7,0,41,0,1,1
529,8,0,60,1,4,3
530,6,0,56,0,4,2
531,8,0,20,0,4,1
532,7,0,52,1,4,3
533,9,0,51,0,9,3
534,8,0,25,1,6,1
535,7,0,55,0,4,0
536,10,0,45,0,4,0
537,5,0,50,0,6,0
538,5,0,48,1,4,3
539,10,0,15,0,1,0
540,6,0,39,1,8,3
541,7,0,50,0,4,0
542,5,0,50,1,5,3
543,8,0,17,0,1,0
544,8,0,68,1,4,0
545,7,0,64,0,4,0
546,8,0,58,1,8,3
547,7,0,57,0,4,1
548,5,0,25,0,4,1
549,6,0,51,1,4,3
550,9,0,48,0,6,1
551,9,0,58,1,4,0
552,7,0,55,0,4,0
553,6,0,27,0,7,3
554,7,0,62,1,10,0
555,8,0,56,0,3,3
556,3,0,65,0,1,0
557,5,0,50,1,9,3
558,7,0,58,1,4,3
559,7,0,62,1,4,1
560,0,0,49,0,1,3
561,7,0,23,1,1,2
562,7,0,39,0,9,3
563,2,1,49,0,6,0
564,8,0,55,0,5,1
565,7,0,66,0,6,1
566,4,0,38,0,7,0
567,4,0,40,1,4,2
568,7,0,60,0,8,1
569,4,0,18,0,1,0
570,6,0,15,1,0,0
571,5,0,48,0,4,1
572,5,0,48,0,4,1
573,3,0,48,1,8,3
574,9,0,22,0,3,0
575,8,0,19,0,1,0
576,8,0,52,1,4,3
577,7,0,19,0,1,0
578,6,1,17,1,0,0
579,8,0,31,0,6,1
580,8,0,23,0,6,0
581,7,0,63,0,4,2
582,0,1,63,1,4,3
583,5,0,58,0,4,0
584,4,0,55,1,7,1
585,5,0,27,1,4,2
586,7,0,25,1,9,0
587,5,0,58,0,4,1
588,8,0,44,0,4,1
589,10,0,60,0,4,0
590,5,1,18,1,1,0
591,5,0,16,0,0,0
592,8,0,41,1,1,1
593,5,0,53,1,4,3
594,7,0,24,0,1,1
595,9,0,22,1,0,1
596,6,0,43,1,10,3
597,6,0,40,0,9,1
598,8,0,42,1,7,3
599,7,0,60,0,4,1
600,4,1,60,0,6,1
601,5,0,48,1,7,1
602,5,0,50,0,2,0
603,9,0,21,0,6,0
604,6,0,37,0,4,3
605,8,1,42,1,10,3
606,7,1,48,1,1,1
607,6,0,45,0,6,2
608,5,0,45,1,4,2
609,7,0,17,0,1,0
610,8,0,49,1,6,3
611,10,0,47,0,6,1
612,8,0,22,0,10,1
613,8,0,20,1,6,0
614,7,0,51,0,2,1
615,6,1,17,1,0,0
616,7,0,53,0,5,1
617,5,0,51,1,4,2
618,7,0,52,0,10,0
619,6,0,19,0,1,0
620,5,1,16,1,1,0
621,8,0,57,0,4,1
622,7,0,42,1,7,3
623,10,0,33,0,6,0
624,4,0,46,0,4,0
625,0,0,16,0,0,0
626,5,0,63,1,4,3
627,7,0,29,0,2,0
628,7,0,36,1,4,3
629,10,0,33,0,4,0
630,8,0,41,1,7,2
631,5,0,36,0,4,0
632,2,0,48,0,4,0
633,6,0,54,0,4,1
634,6,0,55,1,9,3
635,10,0,25,0,10,1
636,6,0,61,1,4,0
637,5,0,56,0,5,1
638,5,0,68,0,3,0
639,7,0,49,1,4,2
640,4,0,46,0,10,1
641,7,1,57,0,7,2
642,8,0,28,1,10,2
643,10,0,68,1,2,1
644,9,0,39,0,7,1
645,9,0,42,0,7,2
646,6,0,71,0,7,0
647,6,0,50,0,8,1
648,6,0,18,1,0,0
649,7,0,17,0,1,0
650,8,0,70,0,9,1
651,8,0,32,1,6,2
652,10,0,60,0,4,0
653,5,0,49,0,1,0
654,3,0,18,1,0,0
655,7,0,55,0,4,0
656,4,1,35,1,4,2
657,5,0,34,0,7,1
658,5,0,43,1,9,1
659,8,1,40,0,9,1
660,6,0,38,0,2,0
661,9,0,39,0,4,0
662,4,0,22,0,10,0
663,5,0,20,0,1,1
664,10,0,16,1,1,0
665,6,0,53,0,4,3
666,8,0,55,1,10,3
667,10,0,55,0,8,0
668,1,1,22,1,6,0
669,7,0,19,1,6,0
670,8,0,58,0,6,3
671,9,1,55,0,9,1
672,9,0,54,1,10,2
673,9,0,22,0,6,0
674,9,0,20,1,4,0
675,7,0,60,1,7,3
676,10,0,60,0,9,1
677,9,0,30,0,10,2
678,7,0,56,1,4,3
679,7,0,52,0,4,1
680,8,0,33,1,1,2
681,7,0,38,1,7,3
682,7,0,36,0,4,0
683,7,0,39,0,4,0
684,9,0,51,1,5,2
685,6,0,48,1,7,3
686,5,0,44,0,4,1
687,5,0,52,1,4,2
688,6,0,17,0,2,0
689,7,0,43,1,10,3
690,9,0,71,0,4,0
691,6,0,71,1,4,0
692,8,0,45,1,4,1
693,8,0,52,0,4,1
694,8,0,29,1,10,1
695,7,0,26,0,6,0
696,8,0,54,0,10,1
697,8,0,38,1,4,2
698,10,0,58,1,7,1
699,0,0,26,0,4,1
700,7,0,42,1,9,3
701,7,0,39,0,5,0
702,8,0,62,1,8,3
703,6,0,60,0,4,0
704,7,0,29,0,9,3
705,0,0,27,0,7,1
706,7,0,52,1,7,3
707,6,0,61,1,4,3
708,1,1,36,1,8,3
709,5,0,40,0,4,1
710,8,0,80,0,7,3
711,9,0,23,0,4,1
712,9,0,22,0,6,0
713,8,0,36,0,7,3
714,7,0,25,1,4,1
715,7,0,47,1,4,3
716,9,0,45,0,2,1
717,7,1,20,0,0,0
718,7,0,17,1,0,0
719,6,0,27,0,10,3
720,5,0,57,0,1,2
721,8,0,55,0,1,0
722,7,0,50,1,10,3
723,7,0,61,1,4,3
724,7,0,59,0,4,1
725,3,0,58,0,5,1
726,7,0,57,0,7,1
727,7,1,24,0,10,0
728,3,0,49,1,4,2
729,2,0,47,0,2,0
730,4,0,26,1,4,1
731,3,0,22,1,0,1
732,5,0,20,0,1,0
733,4,1,19,1,1,1
734,8,0,60,0,4,2
735,5,0,26,1,7,1
736,10,0,25,0,4,1
737,5,0,48,1,8,1
738,7,0,65,0,1,0
739,5,0,61,0,4,1
740,7,1,42,0,6,1
741,6,0,17,0,1,0
742,7,0,16,0,1,0
743,7,0,15,0,0,0
744,9,0,55,1,4,2
745,8,0,46,0,5,1
746,6,0,34,0,10,1
747,7,0,43,1,7,3
748,6,0,26,1,1,0
749,4,0,42,1,8,3
750,8,0,33,0,4,1
751,7,0,51,1,4,3
752,8,0,32,0,4,1
753,3,1,22,1,0,1
754,5,0,50,0,10,0
755,6,0,51,1,5,3
756,6,0,32,0,9,2
757,6,0,47,0,4,0
758,7,0,39,1,9,1
759,4,1,17,1,1,0
760,3,1,25,1,6,1
761,7,0,66,1,4,2
762,6,0,28,0,9,1
763,8,1,28,1,4,2
764,8,0,22,1,4,1
765,8,0,37,0,4,2
766,5,0,51,0,4,2
767,9,0,41,1,10,2
768,10,0,67,0,5,1
769,8,0,44,1,9,2
770,6,0,41,0,4,1
771,8,1,20,0,3,1
772,5,0,32,1,6,2
773,1,0,44,1,4,1
774,9,0,42,1,4,1
775,5,0,36,0,1,0
776,7,0,17,1,1,0
777,8,0,62,1,10,3
778,9,0,53,0,5,3
779,8,0,22,1,4,1
780,6,0,36,0,4,2
781,6,0,54,1,4,3
782,8,0,51,0,9,3
783,9,0,39,1,9,3
784,3,1,52,1,4,2
785,6,0,46,0,4,1
786,7,0,22,1,4,1
787,6,0,58,1,6,3
788,10,0,43,0,6,0
789,5,1,15,0,0,0
790,8,0,44,1,4,3
791,6,0,47,0,2,1
792,8,0,20,0,1,0
793,6,0,38,1,10,3
794,0,0,47,1,4,3
795,0,0,45,0,5,0
796,0,1,22,1,1,2
797,3,0,15,0,1,0
798,9,0,73,1,8,1
799,3,0,37,1,4,1
800,0,0,40,0,1,0
801,5,0,27,1,10,2
802,7,0,19,1,1,0
803,3,0,54,0,6,2
804,10,0,51,1,5,1
805,5,0,47,0,4,1
806,7,0,69,1,5,0
807,8,1,39,1,4,2
808,9,0,43,1,10,3
809,10,0,43,0,6,1
810,8,0,54,1,5,3
811,7,1,41,0,7,2
812,8,0,41,1,6,3
813,6,0,54,0,10,3
814,9,0,43,1,10,3
815,5,0,60,0,7,1
816,4,0,46,1,10,3
817,8,1,56,1,6,3
818,10,0,55,0,5,0
819,6,0,39,1,4,3
820,9,0,66,1,10,1
821,7,0,57,0,5,1
822,8,0,33,0,10,1
823,3,0,25,1,6,3
824,0,0,60,0,4,1
825,6,0,42,1,10,3
826,5,0,44,0,6,2
827,5,0,68,1,7,0
828,9,0,43,0,1,0
829,8,0,47,1,0,1
830,8,0,46,1,1,1
831,4,0,22,1,5,0
832,8,0,44,1,10,3
833,7,1,44,0,10,1
834,7,0,47,0,1,0
835,0,1,33,0,8,1
836,3,0,50,0,3,1
837,5,0,51,0,5,1
838,3,0,63,0,5,0
839,5,1,47,1,7,3
840,5,0,30,1,6,1
841,2,0,20,1,6,1
842,7,0,47,1,5,2
843,9,0,42,0,4,0
844,8,0,57,0,4,3
845,4,0,19,1,1,0
846,8,0,46,0,4,1
847,8,0,44,1,10,1
848,7,0,36,1,10,1
849,8,0,54,1,9,3
850,0,0,44,1,4,1
851,7,0,40,1,6,3
852,9,0,39,0,6,0
853,8,0,53,1,6,0
854,8,0,50,0,6,0
855,8,0,49,1,3,3
856,6,0,19,1,0,0
857,8,0,49,0,8,2
858,5,0,15,1,0,0
859,7,0,57,1,4,2
860,0,0,20,0,6,0
861,8,1,56,0,5,1
862,4,0,17,0,1,0
863,5,1,32,1,5,2
864,7,1,53,1,10,3
865,5,0,51,0,9,0
866,3,1,19,1,0,1
867,5,0,42,0,4,1
868,7,0,16,0,1,0
869,5,0,77,0,6,0
870,7,0,52,0,10,3
871,8,0,52,0,4,2
872,1,0,59,0,1,0
873,2,1,23,1,6,1
874,6,0,52,0,10,0
875,5,0,24,1,10,0
876,0,0,21,1,6,1
877,7,0,40,0,10,2
878,6,0,40,1,9,3
879,10,0,40,0,5,1
880,4,0,38,1,10,3
881,6,0,31,0,10,1
882,7,0,57,1,8,1
883,8,0,57,1,4,3
884,4,0,51,0,8,2
885,3,0,20,0,6,0
886,7,0,54,1,10,3
887,6,0,49,0,5,1
888,6,1,26,1,1,0
889,4,0,23,0,4,0
890,8,0,30,1,3,2
891,8,0,40,1,6,3
892,7,0,49,0,6,2
893,5,0,46,1,4,2
894,3,0,65,0,4,0
895,8,0,35,1,4,3
896,6,0,31,0,4,0
897,6,0,44,1,9,2
898,6,0,43,0,4,1
899,5,0,63,1,9,3
900,7,0,46,0,8,0
901,8,0,62,0,6,1
902,7,0,58,0,2,1
903,8,0,29,0,6,1
904,9,0,51,1,10,3
905,9,0,47,0,4,2
906,1,0,57,0,4,1
907,10,0,38,0,10,1
908,8,0,35,1,10,3
909,9,0,53,0,10,3
910,7,0,53,1,5,3
911,7,1,41,0,10,2
912,7,0,39,1,10,3
913,6,0,44,1,9,3
914,7,0,53,1,10,3
915,9,0,37,1,6,1
916,0,1,39,0,5,1
917,5,0,33,1,8,3
918,4,0,62,0,1,0
919,5,0,62,1,10,3
920,7,0,60,0,10,2
921,6,0,32,1,10,3
922,7,0,25,0,10,0
923,9,0,43,1,10,3
924,10,0,38,0,10,2
925,10,0,42,1,10,3
926,4,0,41,0,10,3
927,7,0,40,0,8,2
928,5,0,25,0,3,0
929,6,0,36,0,4,1
930,8,0,52,0,5,1
931,7,0,25,0,1,0
932,8,0,40,0,4,2
933,8,0,67,1,10,0
934,7,0,62,0,8,0
935,6,0,52,1,9,1
936,6,0,50,0,10,3
937,5,1,53,1,7,3
938,6,0,53,1,4,3
939,3,0,22,0,5,1
940,10,0,19,0,6,0
941,7,0,64,1,10,3
942,7,0,35,0,10,1
943,5,0,57,1,10,0
944,5,1,56,0,5,2
945,7,0,28,1,10,0
946,5,0,61,1,4,3
947,2,0,32,1,4,2
948,9,0,41,1,10,2
949,6,0,17,1,1,0
950,5,0,15,0,1,0
951,7,0,46,1,7,3
952,10,0,51,0,10,2
953,7,0,62,0,8,1
954,7,0,66,1,8,0
955,8,0,64,0,6,0
956,7,0,54,1,4,3
957,5,0,42,0,10,1
958,10,0,52,0,1,1
959,6,0,33,1,10,2
960,6,0,50,1,1,2
961,4,0,46,0,1,1
962,2,0,19,1,6,0
963,5,0,74,1,10,0
964,8,0,44,1,8,3
965,5,0,39,0,4,0
966,6,0,60,0,4,2
967,2,0,42,1,6,2
968,5,0,37,0,4,1
969,6,0,17,0,1,0
970,7,0,49,0,5,1
971,2,0,19,0,6,0
972,8,0,42,0,4,1
973,5,1,19,1,1,0
974,6,0,53,0,10,3
975,6,0,24,1,1,1
976,6,0,50,0,5,1
977,6,0,16,1,1,0
978,8,0,57,1,4,3
979,9,0,53,0,6,2
980,6,0,28,0,10,2
981,7,0,27,0,6,0
982,8,0,40,0,8,0
983,8,1,40,1,9,3
984,8,0,59,1,4,2
985,6,0,52,0,1,0
986,8,0,48,1,10,1
987,10,0,45,0,6,1
988,5,1,19,1,1,0
989,8,0,54,0,5,3
990,7,0,21,1,6,0
991,7,0,19,1,0,0
992,9,0,50,0,4,0
993,9,0,15,0,0,0
994,6,0,35,0,8,0
995,7,0,34,1,4,3
996,10,0,31,0,6,1
997,5,0,34,0,4,0
998,7,0,41,1,7,3
999,7,0,37,0,10,1
1000,9,0,57,1,1,3
1001,8,1,46,1,7,3
1002,9,0,44,0,7,0
1003,7,0,20,0,6,0
1004,8,0,17,1,1,0
1005,5,0,52,0,10,2
1006,3,0,34,0,4,0
1007,6,0,47,1,4,2
1008,9,0,46,0,10,1
1009,8,0,19,0,6,0
1010,5,0,63,1,4,2
1011,7,0,47,0,10,2
1012,8,0,47,0,6,1
1013,7,0,41,1,10,3
1014,9,0,48,0,5,1
1015,8,0,47,1,4,2
1016,10,0,24,1,4,2
1017,9,0,23,1,4,1
1018,6,0,20,1,4,1
1019,6,1,17,1,1,0
1020,8,0,43,1,10,3
1021,8,0,63,0,1,0
1022,10,0,40,1,8,3
1023,7,0,61,1,10,3
1024,8,0,55,1,5,3
1025,7,0,39,0,10,1
1026,9,0,56,0,4,1
1027,8,0,61,0,10,1
1028,7,0,28,1,10,1
1029,7,0,44,0,10,1
1030,7,0,49,0,3,1
1031,5,0,52,1,10,3
1032,0,0,15,1,0,0
1033,8,0,56,1,8,3
1034,5,0,39,0,10,2
1035,5,0,51,1,8,2
1036,3,0,41,0,1,1
1037,4,0,25,0,10,0
1038,9,0,64,0,10,3
1039,10,0,45,0,6,1
1040,7,0,35,0,6,2
1041,6,0,53,1,10,3
1042,8,0,42,0,5,2
1043,9,0,56,0,1,2
1044,2,0,65,1,10,1
1045,8,0,44,0,7,3
1046,7,0,29,1,10,2
1047,0,0,54,1,1,2
1048,3,0,36,0,6,2
1049,7,0,41,0,8,2
1050,8,0,14,0,0,0
1051,6,0,53,0,10,2
1052,4,0,56,1,10,3
1053,8,0,25,1,1,0
1054,5,0,40,1,1,1
1055,4,0,40,0,5,3
1056,7,0,15,1,1,0
1057,6,0,43,0,4,0
1058,5,0,38,1,4,3
1059,5,0,38,0,5,1
1060,5,1,35,1,7,3
1061,9,0,57,0,6,1
1062,7,0,48,0,10,3
1063,8,0,62,0,4,3
1064,5,1,34,0,10,3
1065,8,0,35,0,4,1
1066,4,0,45,0,1,1
1067,8,0,52,1,5,0
1068,5,0,58,0,1,0
1069,10,0,45,0,5,0
1070,5,1,17,1,0,0
1071,5,0,15,0,1,0
1072,5,0,43,0,8,2
1073,5,0,57,1,10,3
1074,7,0,54,0,7,2
1075,5,0,30,1,10,2
1076,3,0,26,1,4,1
1077,5,0,64,1,6,0
1078,10,0,62,0,4,0
1079,8,0,58,0,5,1
1080,10,0,54,0,4,1
1081,7,0,61,0,6,0
1082,7,1,53,0,6,3
1083,7,0,27,0,6,1
1084,8,0,25,1,10,2
1085,8,0,18,0,6,0
1086,8,0,48,0,4,0
1087,7,1,23,0,0,0
1088,6,0,21,0,6,0
1089,6,0,41,0,4,0
1090,0,0,18,0,1,0
1091,7,0,32,1,8,2
1092,7,0,42,1,8,2
1093,6,0,17,1,1,0
1094,7,0,28,1,4,1
1095,9,0,59,0,4,1
1096,8,0,62,1,4,2
1097,7,0,59,1,9,3
1098,5,0,17,0,0,0
1099,8,0,54,0,6,1
1100,7,0,24,0,4,1
1101,5,0,21,0,0,1
1102,5,1,33,0,4,2
1103,5,0,57,0,1,0
1104,5,0,43,0,4,0
1105,6,0,17,0,1,0
1106,3,0,16,1,1,0
1107,10,0,40,1,9,3
1108,6,0,36,0,7,2
1109,8,0,37,1,5,3
1110,8,0,36,0,4,1
1111,10,0,46,0,7,0
1112,8,0,23,1,1,1
1113,8,0,47,1,4,3
1114,7,0,60,0,1,0
1115,4,0,35,1,8,3
1116,9,0,56,1,4,3
1117,10,0,52,0,2,0
1118,7,0,47,1,9,3
1119,9,0,40,0,4,0
1120,10,0,59,0,5,1
1121,5,0,35,1,10,2
1122,8,0,32,0,6,1
1123,8,0,45,0,1,1
1124,5,0,23,1,0,2
1125,7,0,21,0,6,1
1126,7,0,63,1,8,3
1127,10,0,59,0,9,1
1128,8,0,37,0,10,2
1129,6,0,67,1,4,0
1130,6,0,53,0,6,3
1131,8,0,48,1,10,3
1132,7,0,65,1,10,0
1133,8,0,40,1,10,3
1134,5,0,48,0,4,1
1135,8,0,58,0,6,3
1136,9,0,45,1,7,3
1137,7,0,41,0,4,0
1138,8,0,19,0,0,0
1139,2,0,17,0,0,0
1140,7,0,36,1,9,2
1141,8,0,34,0,6,1
1142,4,0,40,1,7,3
1143,8,0,39,0,6,1
1144,7,0,49,0,9,3
1145,8,0,46,1,9,3
1146,7,0,49,0,4,1
1147,7,0,24,1,0,2
1148,7,0,38,1,4,3
1149,7,0,61,1,4,0
1150,0,0,64,1,4,3
1151,5,0,43,0,5,1
1152,3,0,37,1,6,3
1153,7,0,43,1,10,2
1154,7,0,47,0,4,1
1155,7,0,21,0,6,0
1156,5,0,19,0,2,0
1157,6,0,17,0,1,0
1158,8,0,45,0,4,0
1159,5,0,45,1,7,1
1160,7,0,37,0,4,0
1161,7,0,45,0,6,0
1162,8,0,39,1,9,3
1163,7,0,55,1,6,3
1164,5,0,43,0,4,0
1165,6,1,15,0,0,0
1166,7,0,54,1,9,3
1167,0,0,50,0,4,1
1168,7,0,48,0,3,0
1169,3,1,18,1,1,0
1170,6,0,53,1,10,1
1171,7,0,50,0,4,1
1172,7,0,45,1,8,3
1173,7,0,39,0,4,0
1174,8,0,35,1,9,2
1175,6,0,35,0,4,0
1176,6,0,38,1,5,2
1177,10,0,37,0,4,1
1178,7,0,35,1,4,1
1179,6,0,47,1,10,3
1180,5,0,41,0,4,3
1181,8,0,53,1,4,1
1182,7,0,51,0,2,1
1183,8,0,56,1,4,2
1184,6,0,33,1,4,2
1185,5,0,56,0,1,0
1186,5,0,22,1,0,1
1187,7,0,60,1,9,2
1188,6,0,35,1,9,3
1189,8,0,28,0,6,2
1190,0,0,60,1,1,2
1191,5,0,45,0,2,0
1192,5,1,21,1,4,1
1193,5,0,16,1,1,0
1194,8,1,15,1,0,0
1195,7,0,43,1,4,2
1196,8,0,42,0,6,1
1197,7,0,15,0,0,0
1198,5,0,47,1,4,2
1199,7,1,46,0,4,1
1200,4,0,64,1,1,0
1201,4,0,61,0,2,0
1202,8,0,57,0,7,1
1203,3,1,40,1,4,3
1204,9,0,52,0,7,3
1205,6,0,50,1,7,3
1206,8,0,16,0,0,0
1207,9,0,14,1,0,0
1208,5,0,51,1,7,3
1209,9,0,18,1,1,0
1210,0,0,42,1,6,2
1211,8,0,36,0,6,1
1212,7,0,55,1,4,3
1213,5,0,52,0,4,2
1214,8,0,53,1,7,3
1215,6,0,45,0,4,0
1216,9,0,46,0,9,0
1217,7,0,57,1,5,1
1218,7,0,17,0,0,0
1219,4,0,69,1,2,0
1220,6,0,42,1,4,3
1221,4,0,53,1,1,2
1222,5,0,50,0,1,0
1223,8,0,58,0,10,2
1224,9,0,60,1,7,3
1225,0,0,43,0,4,0
1226,5,0,16,1,1,0
1227,8,0,30,1,4,3
1228,8,0,30,1,4,3
1229,7,0,55,1,6,3
1230,8,0,54,0,6,1
1231,6,0,20,1,3,0
1232,7,1,18,1,1,0
1233,4,1,35,0,6,0
1234,6,0,50,0,7,1
1235,7,0,51,0,6,1
1236,5,1,26,1,1,2
1237,8,0,61,1,8,3
1238,8,0,43,0,4,0
1239,8,0,41,1,4,3
1240,5,1,17,1,0,0
1241,5,0,15,1,0,0
1242,8,0,55,1,4,1
1243,7,0,53,1,4,3
1244,8,0,52,0,4,1
1245,6,0,24,1,4,1
1246,8,0,22,0,10,0
1247,2,0,59,0,5,0
1248,4,0,56,1,4,3
1249,5,0,20,0,2,0
1250,7,1,15,1,0,0
1251,3,0,49,0,4,1
1252,5,0,24,1,0,1
1253,7,0,55,1,10,3
1254,7,0,39,0,4,1
1255,6,0,35,0,10,2
1256,5,0,28,1,7,2
1257,10,1,68,1,9,0
1258,2,0,60,1,6,3
1259,7,0,25,1,4,2
1260,5,0,39,0,4,1
1261,5,0,41,0,4,0
1262,5,0,58,0,1,0
1263,0,0,59,1,4,1
1264,7,0,56,0,3,3
1265,6,0,27,1,4,2
1266,5,0,36,1,7,3
1267,3,0,48,1,4,1
1268,8,0,66,0,4,0
1269,9,0,45,1,4,1
1270,5,0,19,1,1,0
1271,8,0,16,1,1,0
1272,6,0,66,0,2,0
1273,9,0,62,1,4,3
1274,8,0,24,1,6,0
1275,6,0,36,0,10,3
1276,7,0,46,1,4,3
1277,7,0,19,1,0,0
1278,5,0,40,1,4,3
1279,0,1,23,0,8,0
1280,7,0,29,0,10,1
1281,5,0,61,0,4,0
1282,8,0,59,1,5,2
1283,7,0,44,0,10,2
1284,6,0,48,0,9,2
1285,4,0,19,1,1,0
1286,7,0,39,0,4,1
1287,2,0,53,1,4,3
1288,2,0,26,1,1,3
1289,5,0,53,0,5,1
1290,9,0,19,1,1,0
1291,10,0,65,1,3,0
1292,8,0,25,1,3,0
1293,7,0,44,0,4,0
1294,7,1,64,1,6,3
1295,9,1,62,0,4,0
1296,7,1,53,1,10,1
1297,6,0,44,1,10,3
1298,7,1,41,0,2,0
1299,4,1,15,1,0,0
1300,8,0,55,0,9,1
1301,0,0,57,0,2,2
1302,7,0,50,1,4,3
1303,8,0,45,0,4,0
1304,7,0,20,0,1,0
1305,10,0,18,0,1,0
1306,7,0,39,0,4,0
1307,8,0,50,1,9,3
1308,10,0,37,0,8,2
1309,8,0,42,1,4,3
1310,10,0,37,0,10,0
1311,7,0,48,0,2,0
1312,5,1,18,1,0,0
1313,4,0,35,0,8,1
1314,5,0,44,1,4,3
1315,9,0,49,1,10,2
1316,10,0,47,0,10,1
1317,8,0,21,1,6,0
1318,7,0,16,0,1,0
1319,4,0,51,1,4,2
1320,8,0,60,0,4,1
1321,10,0,75,0,5,0
1322,8,0,62,1,4,3
1323,9,1,60,0,6,2
1324,7,0,30,1,9,2
1325,7,0,28,0,10,0
1326,9,0,26,1,10,1
1327,7,1,51,0,4,0
1328,6,0,51,0,4,0
1329,6,0,46,0,10,0
1330,8,0,62,1,3,3
1331,7,0,39,1,10,3
1332,5,1,46,0,7,2
1333,9,0,58,0,10,3
1334,8,0,67,1,4,0
1335,5,0,66,0,4,0
1336,5,0,40,1,10,3
1337,8,0,41,0,4,0
1338,9,1,55,1,4,3
1339,7,0,53,0,10,2
1340,7,0,53,1,10,3
1341,8,0,23,1,6,0
1342,7,0,63,1,4,0
1343,7,0,63,1,8,2
1344,6,0,32,1,10,3
1345,6,0,38,0,7,0
1346,7,0,38,1,6,3
1347,7,1,16,1,0,0
1348,6,1,14,0,0,0
1349,6,0,35,1,10,3
1350,9,0,34,0,6,1
1351,3,0,62,1,4,3
1352,10,0,51,1,4,3
1353,8,0,51,0,4,0
1354,8,0,45,1,8,3
1355,6,0,43,0,6,1
1356,7,0,20,0,4,0
1357,6,0,19,0,3,0
1358,6,0,40,0,4,2
1359,8,0,44,0,4,2
1360,8,0,42,0,10,0
1361,7,0,41,1,7,3
1362,8,0,57,1,4,1
1363,9,0,49,0,10,2
1364,9,0,17,0,2,0
1365,7,0,36,1,7,2
1366,7,0,33,0,4,0
1367,4,0,41,1,9,3
1368,7,0,35,0,5,0
1369,6,0,65,1,10,0
1370,6,0,30,1,6,3
1371,7,0,44,1,10,3
1372,0,0,19,1,2,0
1373,6,0,56,1,4,3
1374,5,0,34,0,4,0
1375,7,0,46,0,10,3
1376,6,0,44,1,4,1
1377,7,0,50,0,2,1
1378,6,0,47,1,9,3
1379,8,0,41,0,5,3
1380,8,0,66,1,7,1
1381,10,0,54,0,5,1
1382,8,0,54,1,10,3
1383,7,0,22,0,5,0
1384,10,0,30,0,10,1
1385,7,0,47,1,7,3
1386,5,0,16,1,0,0
1387,7,0,15,0,0,0
1388,9,0,63,1,10,3
1389,9,0,41,1,9,3
1390,8,1,48,1,8,3
1391,8,0,41,1,10,2
1392,7,0,53,0,2,1
1393,7,0,37,0,6,2
1394,8,0,66,1,10,3
1395,8,0,64,0,7,1
1396,7,0,35,0,10,3
1397,8,0,33,1,10,3
1398,7,0,43,0,6,3
1399,10,0,52,0,4,0
1400,8,0,25,1,7,0
1401,8,0,43,0,6,1
1402,7,0,42,0,8,0
1403,4,0,40,0,10,2
1404,7,1,43,0,9,3
1405,5,1,41,1,4,2
1406,8,0,20,0,6,0
1407,8,1,18,0,0,0
1408,5,0,43,1,10,3
1409,6,0,62,0,2,0
1410,7,0,46,1,4,3
1411,7,0,62,1,7,1
1412,2,0,62,0,4,2
1413,8,0,43,0,9,0
1414,6,0,62,0,1,0
1415,5,0,39,0,2,0
1416,8,0,34,1,9,3
1417,7,0,40,1,10,2
1418,8,0,45,0,5,3
1419,9,0,15,1,0,0
1420,5,0,45,0,4,0
1421,0,1,34,0,4,3
1422,6,0,45,1,10,2
1423,7,0,33,0,7,3
1424,8,0,50,0,6,1
1425,9,0,18,0,0,0
1426,8,0,14,0,0,0
1427,6,0,54,1,6,3
1428,5,0,76,1,9,0
1429,9,0,40,0,4,0
1430,6,0,22,0,4,1
1431,9,0,64,1,8,3
1432,8,0,28,1,10,2
1433,7,0,43,1,10,1
1434,5,0,73,1,4,3
1435,7,0,69,0,4,0
1436,5,0,28,0,6,2
1437,5,1,28,1,5,2
1438,8,0,55,1,1,3
1439,5,0,49,0,6,0
1440,7,1,20,1,0,1
1441,9,0,61,0,6,3
1442,3,0,41,1,7,1
1443,8,0,42,1,7,2
1444,2,0,70,1,3,0
1445,5,0,43,0,4,0
1446,8,0,48,1,10,3
1447,5,0,49,1,7,2
1448,5,0,21,0,1,0
1449,5,0,47,1,9,3
1450,6,0,43,0,10,1
1451,7,0,60,0,4,0
1452,7,0,48,1,4,2
1453,7,0,55,0,4,3
1454,5,0,26,1,6,0
1455,3,1,52,0,9,1
1456,7,0,46,1,10,3
1457,8,0,42,0,9,1
1458,7,0,42,0,10,0
1459,0,0,41,1,1,1
1460,4,0,37,0,1,0
1461,6,0,38,1,10,3
1462,6,0,61,1,7,3
1463,7,0,49,0,6,3
1464,9,0,52,0,7,1
1465,6,1,21,1,1,0
1466,8,0,61,0,6,0
1467,7,0,38,0,6,0
1468,10,0,55,1,7,3
1469,6,0,57,0,10,1
1470,8,0,47,0,4,0
1471,5,0,17,1,1,0
1472,7,0,59,0,9,3
1473,7,0,51,0,4,0
1474,0,0,16,0,1,0
1475,5,0,44,0,4,2
1476,6,0,56,1,4,3
1477,7,0,52,0,2,1
1478,5,0,29,1,9,3
1479,5,1,57,0,5,2
1480,9,0,24,0,3,1
1481,6,0,21,0,6,1
1482,8,0,61,0,4,0
1483,4,0,42,1,4,1
1484,7,0,32,0,7,1
1485,6,0,31,1,8,2
1486,7,1,39,0,6,2
1487,6,1,40,0,7,1
1488,9,0,44,0,9,0
1489,9,0,55,0,3,0
1490,7,0,65,1,4,0
1491,7,0,51,1,7,0
1492,8,0,50,0,4,1
1493,8,0,41,1,9,2
1494,8,0,35,1,10,3
1495,0,0,55,1,4,2
1496,4,0,19,0,0,0
1497,7,0,66,0,1,0
1498,3,0,78,1,10,3
1499,8,0,56,1,4,1
1500,8,0,38,1,10,3
1501,10,0,37,1,9,3
1502,5,0,50,1,4,2
1503,7,0,49,0,6,2
1504,3,0,30,1,6,2
1505,7,1,61,0,9,1
1506,9,0,40,1,8,3
1507,8,0,47,1,10,3
1508,5,0,35,0,10,3
1509,5,0,35,0,4,0
1510,6,0,40,1,4,2
1511,10,0,45,0,4,2
1512,10,0,60,0,4,2
1513,8,0,68,0,10,0
1514,7,0,63,1,10,3
1515,8,0,45,0,10,0
1516,5,0,57,0,1,2
1517,10,0,46,0,4,2
1518,5,0,57,1,1,2
1519,8,0,51,1,10,1
1520,7,0,64,1,4,3
1521,9,0,62,0,5,1
1522,5,0,60,0,4,2
1523,7,0,60,0,4,1
1524,6,0,57,1,4,2
1525,6,0,25,1,4,1
1526,9,0,46,0,4,0
1527,5,0,17,0,0,0
1528,9,0,57,0,6,3
1529,5,1,55,0,4,0
1530,2,0,58,1,10,3
1531,8,0,53,0,6,1
1532,6,0,61,0,10,1
1533,8,0,55,0,7,1
1534,7,0,40,1,6,1
1535,5,0,65,0,3,0
1536,7,0,66,1,9,3
1537,8,0,47,0,4,1
1538,4,0,44,1,7,1
1539,5,0,61,1,6,3
1540,6,0,46,0,6,1
1541,6,1,43,0,4,1
1542,8,0,53,0,4,2
1543,8,0,48,1,8,3
1544,5,0,40,0,4,0
1545,7,0,65,1,10,3
1546,7,0,46,0,4,2
1547,5,0,23,0,9,0
1548,5,0,62,1,5,3
1549,0,0,47,0,4,0
1550,9,0,19,0,1,1
1551,6,0,47,0,4,0
1552,8,0,33,0,4,2
1553,8,0,54,1,5,3
1554,6,0,44,0,4,1
1555,6,0,54,1,3,3
1556,7,0,52,1,7,3
1557,6,0,49,0,2,2
1558,6,0,36,1,4,2
1559,8,0,32,0,5,2
1560,8,0,72,1,4,0
1561,4,0,45,1,10,3
1562,3,1,45,0,4,1
1563,10,0,44,0,9,1
1564,9,0,39,1,6,3
1565,8,0,50,1,8,2
1566,7,0,49,0,1,1
1567,5,0,21,0,4,1
1568,7,0,18,1,1,0
1569,5,0,55,1,1,1
1570,5,0,47,0,4,1
1571,0,0,18,0,1,0
1572,6,0,16,0,0,0
1573,7,0,47,1,4,2
1574,7,0,41,1,9,3
1575,8,0,57,1,4,2
1576,7,0,22,1,2,1
1577,8,1,19,1,1,0
1578,5,0,45,0,6,1
1579,8,0,42,1,4,3
1580,5,0,63,0,1,0
1581,6,0,48,0,4,0
1582,4,1,18,1,0,0
1583,4,0,16,0,1,0
1584,3,1,61,1,4,1
1585,0,1,62,0,1,0
1586,5,0,46,0,4,0
1587,6,0,49,1,8,3
1588,5,0,19,0,6,0
1589,8,0,18,1,0,0
1590,0,0,43,0,4,0
1591,5,0,24,0,4,1
1592,8,0,69,1,9,0
1593,8,0,65,0,1,0
1594,8,0,60,1,10,3
1595,2,1,35,1,4,1
1596,7,0,34,0,7,3
1597,6,0,32,0,4,0
1598,3,1,31,1,4,1
1599,7,0,67,1,7,0
1600,7,0,45,0,10,1
1601,8,0,19,0,2,0
1602,6,0,17,0,1,0
1603,4,0,36,1,10,3
1604,2,0,48,0,4,2
1605,6,0,42,0,2,1
1606,10,0,60,1,4,1
1607,7,0,46,1,9,3
1608,7,0,49,1,10,3
1609,8,0,46,0,6,1
1610,0,0,76,1,10,1
1611,5,0,36,0,10,0
1612,5,1,43,0,1,1
1613,8,0,66,1,4,3
1614,5,1,61,0,6,0
1615,7,0,55,0,10,2
1616,6,0,24,0,9,1
1617,7,0,20,0,1,0
1618,6,0,58,0,6,1
1619,9,1,26,1,6,0
1620,5,0,47,1,4,2
1621,8,1,43,1,4,3
1622,7,0,41,0,4,0
1623,7,1,47,1,10,2
1624,0,0,47,1,3,2
1625,4,0,37,0,7,3
1626,9,0,47,0,6,3
1627,0,0,22,0,4,1
1628,9,0,19,0,1,0
1629,6,0,50,1,10,3
1630,7,0,46,0,5,1
1631,8,1,21,1,6,0
1632,6,0,19,1,6,0
1633,9,1,39,1,9,3
1634,1,0,58,1,5,0
1635,9,0,77,0,2,0
1636,4,1,57,0,10,0
1637,6,0,59,1,1,2
1638,8,0,58,0,2,1
1639,5,0,52,0,5,0
1640,7,1,28,0,4,1
1641,3,0,60,0,2,0
1642,0,0,48,1,6,2
1643,4,0,23,1,0,2
1644,5,0,71,0,1,0
1645,6,1,19,0,0,0
1646,7,0,36,1,5,3
1647,9,0,37,0,7,1
1648,9,0,54,0,6,2
1649,5,0,56,1,8,3
1650,7,0,55,0,4,2
1651,8,0,30,0,6,1
1652,8,0,47,0,2,1
1653,5,0,45,1,5,3
1654,5,0,18,1,1,0
1655,8,0,56,1,3,3
1656,7,0,40,1,4,1
1657,7,0,61,1,7,2
1658,6,0,28,1,7,3
1659,8,0,50,1,4,3
1660,7,0,46,0,4,0
1661,10,0,21,1,0,1
1662,8,0,20,1,5,1
1663,7,0,15,0,0,0
1664,8,0,60,1,9,3
1665,8,0,54,0,4,1
1666,7,0,27,1,10,1
1667,10,0,25,1,6,0
1668,6,0,55,0,6,1
1669,8,0,42,1,7,2
1670,4,0,21,1,0,1
1671,7,0,42,1,10,3
1672,4,1,21,0,6,0
1673,10,0,53,0,4,1
1674,8,0,24,0,1,1
1675,6,1,20,0,6,0
1676,8,0,46,0,10,3
1677,10,0,43,0,10,2
1678,7,0,41,1,10,3
1679,7,1,40,0,10,3
1680,8,0,45,0,7,0
1681,7,0,55,1,4,3
1682,5,1,31,0,6,0
1683,8,0,38,1,4,1
1684,10,0,49,1,4,1
1685,10,0,44,0,9,1
1686,7,0,18,1,1,0
1687,7,0,46,1,6,3
1688,10,0,43,0,4,1
1689,5,0,58,0,4,1
1690,6,0,57,1,7,3
1691,5,0,36,1,7,2
1692,6,0,35,0,4,1
1693,9,0,37,0,2,0
1694,6,0,47,1,7,2
1695,5,1,46,1,6,3
1696,5,0,44,0,6,0
1697,3,0,17,0,1,0
1698,5,0,53,1,4,3
1699,8,0,56,0,6,3
1700,8,0,24,1,10,0
1701,7,0,49,0,4,0
1702,6,0,47,1,5,3
1703,6,0,28,1,1,1
1704,4,0,52,0,4,2
1705,4,0,50,0,6,0
1706,6,0,20,0,3,0
1707,7,0,45,0,2,3
1708,5,0,45,1,4,3
1709,7,0,42,0,4,0
1710,8,1,15,1,0,0
1711,5,0,28,1,2,1
1712,6,0,33,0,1,1
1713,7,0,58,1,8,2
1714,6,0,55,0,1,0
1715,5,0,49,1,4,3
1716,5,0,38,1,7,1
1717,7,0,50,1,9,3
1718,8,0,41,0,4,1
1719,7,0,18,0,0,0
1720,8,1,46,1,7,3
1721,7,0,44,0,6,0
1722,3,0,15,0,1,0
1723,3,1,44,1,4,1
1724,0,0,36,0,7,0
1725,7,0,62,0,7,1
1726,4,0,48,1,1,1
1727,5,0,18,0,0,0
1728,1,0,16,1,0,0
1729,5,0,48,1,9,3
1730,5,0,47,0,6,0
1731,7,0,23,0,6,0
1732,7,0,21,0,5,1
1733,7,0,15,0,0,0
1734,8,0,55,1,6,3
1735,8,0,52,0,6,0
1736,6,0,25,1,10,0
1737,7,0,23,1,6,0
1738,8,0,20,1,2,0
1739,8,0,64,1,10,1
1740,7,0,49,0,9,1
1741,5,0,16,1,0,0
1742,8,0,14,0,0,0
1743,8,0,57,1,8,3
1744,7,0,20,0,4,1
1745,5,0,16,1,1,0
1746,7,0,63,1,7,3
1747,4,1,41,1,7,3
1748,5,0,43,1,9,1
1749,5,0,42,0,4,0
1750,8,0,43,1,5,1
1751,7,0,39,0,5,2
1752,7,0,33,0,6,2
1753,5,0,47,0,1,0
1754,8,0,23,1,0,0
1755,5,0,21,0,4,1
1756,8,0,49,1,7,2
1757,6,0,35,1,9,3
1758,10,0,23,1,4,2
1759,7,0,58,0,7,1
1760,8,0,24,0,1,0
1761,8,1,40,1,7,1
1762,8,0,49,1,4,3
1763,9,0,43,0,10,3
1764,8,0,48,0,2,1
1765,6,0,19,1,4,1
1766,5,0,18,1,1,0
1767,7,0,49,1,10,3
1768,5,0,45,1,4,3
1769,6,0,23,1,0,1
1770,0,0,59,0,10,1
1771,6,0,27,0,7,1
1772,5,0,58,0,1,0
1773,8,0,39,1,10,3
1774,10,0,39,0,10,3
1775,5,0,43,1,6,2
1776,2,0,45,0,6,0
1777,7,0,17,0,1,0
1778,4,1,38,0,4,1
1779,0,0,17,1,1,0
1780,5,0,59,0,5,0
1781,8,0,19,1,5,0
1782,8,0,55,0,4,0
1783,5,1,31,1,7,2
1784,5,0,59,1,4,3
1785,8,0,35,0,10,2
1786,8,0,45,1,4,2
1787,8,0,41,0,1,0
1788,6,0,19,0,5,0
1789,5,0,52,0,2,2
1790,5,1,30,1,4,3
1791,8,0,50,0,2,1
1792,6,1,17,1,0,0
1793,7,0,33,1,7,3
1794,6,0,38,0,2,1
1795,9,0,47,1,9,3
1796,8,0,46,0,10,2
1797,9,0,15,0,0,0
1798,7,0,37,0,4,1
1799,6,1,50,0,10,3
1800,8,1,36,1,9,3
1801,8,0,40,1,5,2
1802,7,0,49,1,2,3
1803,5,0,61,0,2,0
1804,8,0,41,1,1,1
1805,6,0,51,1,4,2
1806,8,0,65,1,9,0
1807,8,0,65,0,7,0
1808,8,0,37,1,7,2
1809,7,0,46,0,4,2
1810,7,0,59,1,7,2
1811,4,0,69,0,4,0
1812,9,0,39,0,4,0
1813,8,0,35,0,7,1
1814,9,0,49,1,4,3
1815,5,0,25,0,1,0
1816,8,0,52,1,7,3
1817,7,0,24,0,10,2
1818,8,1,22,0,4,1
1819,6,0,19,0,6,0
1820,0,0,67,1,4,1
1821,5,0,46,0,4,1
1822,4,0,42,1,4,1
1823,5,0,63,1,4,0
1824,8,0,19,1,0,0
1825,4,0,54,0,7,1
1826,8,0,43,1,10,3
1827,0,1,18,1,0,0
1828,7,0,74,1,4,3
1829,9,0,53,0,5,3
1830,6,0,58,0,4,2
1831,9,0,72,1,4,0
1832,8,0,59,0,5,2
1833,10,0,33,1,10,1
1834,8,0,63,1,10,1
1835,2,0,39,1,4,3
1836,5,0,41,1,1,2
1837,8,0,36,0,6,0
1838,8,0,66,1,7,3
1839,2,1,37,1,4,2
1840,7,0,56,1,4,3
1841,8,0,53,0,4,1
1842,7,0,28,1,9,2
1843,7,0,54,1,9,3
1844,5,0,57,1,9,3
1845,8,0,54,0,2,1
1846,7,0,22,1,8,0
1847,9,0,16,0,1,0
1848,8,0,32,1,10,2
1849,6,0,40,0,4,1
1850,6,0,49,0,4,1
1851,4,0,30,1,4,1
1852,5,0,26,0,4,1
1853,5,0,53,1,4,3
1854,8,0,39,1,7,3
1855,5,0,38,0,5,0
1856,5,0,45,1,2,1
1857,7,0,39,0,4,0
1858,7,0,57,0,4,2
1859,1,0,38,1,9,3
1860,7,0,45,0,4,0
1861,7,0,47,1,7,3
1862,5,1,38,0,7,1
1863,7,0,53,1,4,3
1864,7,1,31,1,6,1
1865,7,0,30,1,6,2
1866,5,0,27,1,6,0
1867,10,0,40,0,9,2
1868,5,0,26,0,4,1
1869,6,0,39,0,4,0
1870,5,0,34,0,6,1
1871,6,0,56,1,4,3
1872,5,0,51,0,6,0
1873,7,0,17,1,0,0
1874,4,1,14,1,0,0
1875,8,0,58,0,6,1
1876,6,0,53,0,4,1
1877,7,0,45,1,7,2
1878,7,0,29,1,7,2
1879,7,0,57,1,4,2
1880,8,0,49,1,7,2
1881,8,0,45,0,4,0
1882,8,0,18,0,0,0
1883,8,0,36,0,4,0
1884,5,0,73,1,7,0
1885,7,0,53,0,10,3
1886,5,0,59,0,4,1
1887,8,0,40,1,10,3
1888,10,0,39,0,6,1
1889,5,0,51,1,4,2
1890,8,0,21,0,6,1
1891,5,0,17,0,2,0
1892,10,0,57,1,1,1
1893,6,0,52,0,7,2
1894,8,0,26,1,6,2
1895,5,0,51,0,10,1
1896,3,0,22,0,3,2
1897,6,0,56,0,4,0
1898,8,0,53,0,9,2
1899,8,0,28,1,6,1
1900,8,0,32,0,7,3
1901,5,0,47,1,8,1
1902,3,0,66,1,4,1
1903,4,0,44,0,7,0
1904,5,0,34,1,4,2
1905,7,0,27,0,4,2
1906,6,0,45,1,10,3
1907,7,0,49,0,4,1
1908,4,0,50,1,4,1
1909,4,0,41,1,8,2
1910,10,0,39,0,6,0
1911,5,0,50,1,1,1
1912,8,0,44,0,1,0
1913,8,0,38,1,4,1
1914,8,0,33,0,4,2
1915,10,0,33,1,8,3
1916,10,0,59,1,9,3
1917,5,0,57,0,4,1
1918,7,0,61,1,7,3
1919,8,0,60,0,7,1
1920,6,0,60,1,6,3
1921,5,0,38,0,4,1
1922,8,0,41,1,7,3
1923,2,0,42,1,4,3
1924,5,0,46,1,9,3
1925,5,0,48,1,3,0
1926,0,0,48,0,1,1
1927,5,1,16,0,0,0
1928,8,0,60,1,10,3
1929,7,0,26,1,10,1
1930,8,0,58,1,5,3
1931,5,0,37,0,4,0
1932,8,0,70,0,5,0
1933,8,0,70,1,9,1
1934,0,0,55,1,10,3
1935,6,0,52,0,5,1
1936,8,0,45,1,10,3
1937,7,0,44,0,6,1
1938,5,0,15,0,0,0
1939,6,0,35,1,4,1
1940,10,0,47,1,9,3
1941,7,0,46,0,6,1
1942,8,0,18,0,1,0
1943,8,1,15,1,1,0
1944,6,0,41,0,7,1
1945,8,0,53,1,4,3
1946,5,0,66,1,10,3
1947,8,0,28,0,10,1
1948,8,0,49,0,7,1
1949,5,0,51,1,4,1
1950,6,0,22,0,3,0
1951,7,0,43,0,4,1
1952,6,0,32,0,7,2
1953,5,0,29,0,10,2
1954,7,0,47,0,4,1
1955,7,1,16,0,1,0
1956,1,0,41,0,7,3
1957,8,0,50,1,10,3
1958,9,0,52,1,4,2
1959,8,0,45,1,10,3
1960,5,0,19,0,0,0
1961,8,0,32,1,10,1
1962,3,0,58,1,4,3
1963,5,0,50,1,4,2
1964,5,0,81,1,7,1
1965,7,0,42,1,4,1
1966,8,0,39,0,4,1
1967,5,0,64,1,4,0
1968,5,0,50,0,4,0
1969,7,0,45,1,4,2
1970,10,0,25,1,4,2
1971,0,1,22,1,4,0
1972,5,0,21,1,0,0
1973,8,0,51,1,4,3
1974,7,0,45,0,6,3
1975,8,0,66,1,9,1
1976,7,0,63,0,9,0
1977,9,0,61,1,9,3
1978,8,0,51,0,4,1
1979,5,0,40,0,10,3
1980,7,0,55,1,4,2
1981,8,0,55,0,5,0
1982,6,0,21,0,4,1
1983,7,0,55,1,9,3
1984,6,0,54,0,4,1
1985,6,0,24,1,4,0
1986,6,0,20,0,6,1
1987,5,0,39,0,3,0
1988,7,0,42,0,4,0
1989,9,0,39,1,9,3
1990,9,0,38,1,6,1
1991,7,0,35,0,4,1
1992,5,0,21,1,6,0
1993,6,0,63,1,1,2
1994,7,0,42,0,6,1
1995,8,0,45,0,2,0
1996,7,0,18,0,1,0
1997,9,0,35,1,9,3
1998,8,0,46,1,8,2
1999,9,0,16,1,1,0
2000,6,0,40,1,4,2
2001,10,0,40,0,4,2
2002,8,0,39,0,10,1
2003,5,0,60,1,10,2
2004,8,0,50,0,8,1
2005,7,0,34,1,4,2
2006,6,0,49,1,4,3
2007,8,0,43,0,9,1
2008,7,0,53,1,10,3
2009,7,0,25,1,4,1
2010,8,0,47,1,4,3
2011,9,0,40,1,4,2
2012,8,0,60,1,4,3
2013,7,0,33,0,1,0
2014,10,0,36,1,4,2
2015,7,0,45,0,4,1
2016,5,0,19,1,1,0
2017,4,1,16,0,6,0
2018,8,0,60,1,5,2
2019,9,0,18,0,3,0
2020,4,0,57,0,2,0
2021,3,0,26,1,4,2
2022,7,0,55,1,4,3
2023,8,0,43,0,4,0
2024,5,0,71,0,2,0
2025,6,0,19,0,4,1
2026,6,0,43,1,7,2
2027,8,0,54,1,10,3
2028,8,0,43,1,10,3
2029,7,0,34,0,9,0
2030,7,0,33,1,6,3
2031,7,0,62,1,10,1
2032,7,0,56,0,4,1
2033,7,0,30,0,6,2
2034,8,0,27,1,6,0
2035,8,0,63,1,4,3
2036,7,0,60,0,3,0
2037,7,0,37,0,4,2
2038,5,0,37,1,4,1
2039,5,0,29,0,7,2
2040,10,0,53,0,4,0
2041,10,0,54,1,10,3
2042,8,0,57,1,9,3
2043,9,0,52,0,6,3
2044,8,0,22,1,4,1
2045,10,0,21,1,4,0
2046,7,0,56,0,4,1
2047,7,0,55,1,9,3
2048,7,0,58,1,10,3
2049,5,0,49,0,4,0
2050,5,1,24,1,1,3
2051,6,0,22,0,4,0
2052,8,0,56,0,4,3
2053,7,0,48,0,4,1
2054,8,0,65,0,4,0
2055,9,0,62,1,4,0
2056,8,0,52,1,4,3
2057,5,0,42,0,9,1
2058,7,0,17,0,0,0
2059,6,0,14,1,0,0
2060,7,0,48,0,2,2
2061,9,0,60,0,9,1
2062,8,0,47,0,6,2
2063,10,0,45,0,4,0
2064,7,0,48,1,10,3
2065,10,0,46,0,2,0
2066,8,0,61,1,7,0
2067,7,0,57,0,9,1
2068,7,0,32,0,7,2
2069,3,0,33,0,4,1
2070,9,0,60,0,1,0
2071,6,0,56,1,10,3
2072,7,0,21,0,6,0
2073,9,0,46,0,9,3
2074,5,0,25,0,10,1
2075,7,0,24,1,10,2
2076,6,0,50,0,6,2
2077,10,0,23,1,4,1
2078,7,0,21,0,6,0
2079,8,0,71,0,10,0
2080,6,0,41,1,4,3
2081,7,0,50,1,4,3
2082,10,0,49,0,4,0
2083,9,0,25,1,4,1
2084,7,0,49,0,4,1
2085,8,0,45,1,7,3
2086,9,0,44,0,4,0
2087,9,0,16,1,1,0
2088,8,0,15,1,1,0
2089,7,0,42,0,7,1
2090,8,0,34,1,9,3
2091,5,0,65,0,4,3
2092,8,0,33,0,8,3
2093,8,0,53,0,10,3
2094,8,0,44,0,10,1
2095,6,0,43,1,10,3
2096,7,0,64,1,10,1
2097,8,0,53,0,6,1
2098,7,0,53,1,6,3
2099,9,0,48,0,2,2
2100,8,0,45,1,7,3
2101,8,0,44,0,7,1
2102,6,0,15,0,1,0
2103,5,0,15,0,0,0
2104,8,0,34,1,6,1
2105,4,0,41,1,4,0
2106,5,0,46,1,4,3
2107,8,0,45,0,10,1
2108,6,1,15,1,0,0
2109,7,0,64,0,4,0
2110,7,0,48,1,9,3
2111,9,0,49,0,4,1
2112,8,0,51,1,4,2
2113,5,1,43,0,7,2
2114,10,0,56,0,6,3
2115,7,0,17,0,1,0
2116,0,0,50,0,10,1
2117,5,0,47,1,4,2
2118,5,0,26,0,6,2
2119,2,0,22,1,1,1
2120,7,0,37,1,9,3
2121,7,0,52,1,10,2
2122,5,0,20,0,0,0
2123,7,0,46,0,7,2
2124,8,0,53,1,9,3
2125,8,0,55,0,5,1
2126,7,0,21,0,6,0
2127,5,0,17,0,0,0
2128,8,0,52,1,4,3
2129,5,0,53,0,4,3
2130,8,0,50,1,6,2
2131,8,0,57,0,7,2
2132,8,0,24,1,4,2
2133,7,0,64,1,7,3
2134,7,0,53,0,7,1
2135,7,0,64,1,6,0
2136,4,1,23,1,1,1
2137,6,0,49,0,10,3
2138,3,0,42,1,4,2
2139,10,0,37,0,1,1
2140,7,0,40,0,6,0
2141,6,0,40,1,8,3
2142,4,0,15,0,0,0
2143,2,0,57,1,4,3
2144,4,0,22,1,6,0
2145,8,0,38,0,6,0
2146,8,0,36,1,4,3
2147,7,0,46,1,10,3
2148,5,0,44,0,10,1
2149,1,0,46,0,1,1
2150,8,0,19,0,1,0
2151,4,0,18,1,1,0
2152,5,0,47,0,4,0
2153,8,0,45,0,1,0
2154,7,0,51,1,9,3
2155,8,0,22,1,1,0
2156,5,0,57,1,7,3
2157,5,0,50,0,2,1
2158,8,0,58,1,7,3
2159,8,0,58,0,4,2
2160,7,0,51,0,7,1
2161,9,0,49,1,9,3
2162,9,1,63,1,6,0
2163,4,1,46,0,7,1
2164,5,0,16,1,1,0
2165,5,1,42,0,10,3
2166,0,0,57,0,4,1
2167,3,0,26,1,6,3
2168,7,0,42,0,5,1
2169,9,1,59,1,10,3
2170,8,0,25,0,2,1
2171,8,0,22,0,6,0
2172,6,0,57,1,7,3
2173,7,0,45,0,9,1
2174,6,0,17,1,1,0
2175,5,0,59,0,8,1
2176,5,0,27,1,10,2
2177,8,0,53,1,1,1
2178,7,0,21,1,1,0
2179,10,1,70,1,4,1
2180,7,0,56,0,6,0
2181,5,0,43,1,6,2
2182,0,0,41,0,6,1
2183,5,0,75,0,10,1
2184,8,0,44,0,10,1
2185,7,0,16,1,0,0
2186,7,0,55,0,4,2
2187,7,0,57,0,5,0
2188,5,0,55,1,10,3
2189,8,0,52,1,7,3
2190,8,0,26,1,10,1
2191,8,0,25,1,1,1
2192,6,1,19,1,1,0
2193,6,0,57,0,6,2
2194,5,0,61,0,10,3
2195,8,0,38,0,9,2
2196,5,0,39,1,4,2
2197,6,0,15,0,1,0
2198,8,0,54,1,4,3
2199,0,0,27,0,4,3
2200,5,0,59,0,4,1
2201,8,0,59,1,7,3
2202,7,0,27,0,6,2
2203,8,1,42,0,10,0
2204,7,0,45,1,5,1
2205,2,0,44,0,7,1
2206,7,0,32,0,4,0
2207,8,0,44,0,4,1
2208,8,0,42,0,10,2
2209,7,0,65,1,10,3
2210,6,0,56,0,7,3
2211,7,0,56,1,10,3
2212,0,0,17,0,1,0
2213,7,0,66,0,1,0
2214,8,0,61,1,5,2
2215,7,1,54,1,8,3
2216,7,0,51,0,7,0
2217,8,0,18,0,6,0
2218,7,0,44,1,10,3
2219,7,1,30,1,6,1
2220,8,0,48,1,4,2
2221,8,0,48,0,6,1
2222,9,0,35,0,4,1
2223,5,0,50,0,9,1
2224,5,0,63,0,1,0
2225,6,0,38,1,9,3
2226,0,0,33,0,1,0
2227,5,0,47,1,10,3
2228,4,1,17,1,1,0
2229,5,0,43,1,10,3
2230,7,0,43,0,10,3
2231,10,1,45,1,10,3
2232,6,0,43,0,1,3
2233,6,0,46,1,2,2
2234,8,0,39,0,2,1
2235,6,0,61,1,9,3
2236,5,0,61,0,4,1
2237,7,0,64,0,6,0
2238,8,0,43,0,10,3
2239,8,0,36,0,4,0
2240,6,0,41,1,6,3
2241,6,0,38,0,10,0
2242,6,0,40,1,7,1
2243,5,0,32,0,6,0
2244,4,1,36,0,4,1
2245,8,0,49,0,10,2
2246,3,0,58,1,5,1
2247,7,1,51,0,4,2
2248,10,0,56,1,6,0
2249,5,0,60,1,10,3
2250,7,0,46,1,7,3
2251,10,0,44,0,4,0
2252,7,0,48,1,4,2
2253,3,0,40,0,4,1
2254,2,1,16,1,1,0
2255,5,0,24,0,6,0
2256,9,0,63,0,8,1
2257,0,0,44,1,6,1
2258,6,0,63,0,6,1
2259,7,0,66,0,8,1
2260,8,0,56,1,9,3
2261,7,0,56,0,6,1
2262,8,0,25,0,10,2
2263,7,0,60,1,10,3
2264,5,0,53,1,4,3
2265,8,0,50,0,4,0
2266,3,1,18,1,4,1
2267,8,0,50,1,10,3
2268,3,0,29,1,7,1
2269,2,0,32,0,4,1
2270,3,0,40,0,1,0
2271,5,0,50,1,8,3
2272,8,0,49,0,3,0
2273,5,0,48,1,5,1
2274,7,0,35,0,6,3
2275,0,0,59,0,5,1
2276,3,0,38,1,10,1
2277,7,0,61,1,10,3
2278,8,0,58,0,10,1
2279,8,0,28,0,10,3
2280,10,0,25,0,10,0
2281,7,0,36,0,1,0
2282,7,0,36,1,10,3
2283,5,0,38,0,4,1
2284,10,0,72,0,1,0
2285,8,0,61,1,5,2
2286,6,1,47,1,4,1
2287,8,0,52,0,4,1
2288,8,0,19,1,1,0
2289,9,0,16,0,1,0
2290,0,0,17,0,1,0
2291,8,0,17,1,0,0
2292,5,1,40,0,6,3
2293,8,0,40,1,4,1
2294,8,0,39,0,4,1
2295,8,0,18,0,0,0
2296,5,0,17,0,1,0
2297,6,0,41,0,1,0
2298,6,0,52,1,7,3
2299,7,0,28,1,6,2
2300,3,0,56,0,2,0
2301,8,0,20,1,9,0
2302,3,0,18,1,1,0
2303,5,0,24,0,10,1
2304,7,0,54,1,7,2
2305,8,0,52,0,4,2
2306,8,0,18,0,6,0
2307,8,0,56,1,5,3
2308,5,0,29,0,10,1
2309,7,0,26,0,10,1
2310,6,0,21,1,6,0
2311,6,0,46,0,5,2
2312,8,0,44,1,10,3
2313,0,0,58,0,4,0
2314,6,0,42,0,4,1
2315,0,0,40,1,5,2
2316,9,0,19,0,6,0
2317,6,0,17,1,1,0
2318,7,0,49,1,6,2
2319,9,0,46,0,4,0
2320,10,0,50,0,10,1
2321,7,0,32,1,10,3
2322,8,0,53,1,7,3
2323,6,0,48,0,4,0
2324,8,0,17,1,1,0
2325,9,0,60,0,10,2
2326,10,0,45,1,7,3
2327,4,0,41,0,6,0
2328,7,0,59,1,10,3
2329,2,0,57,0,1,0
2330,9,0,41,0,4,1
2331,8,1,17,1,1,0
2332,0,0,15,1,1,0
2333,4,0,61,1,5,3
2334,5,0,43,1,10,1
2335,8,1,35,1,9,2
2336,5,0,34,0,8,2
2337,9,0,54,1,4,2
2338,6,0,25,0,6,1
2339,7,0,41,0,4,2
2340,5,0,38,0,1,1
2341,3,0,53,1,4,3
2342,5,0,44,0,4,1
2343,7,0,17,1,0,0
2344,8,0,59,1,7,0
2345,5,1,55,0,5,1
2346,7,0,17,0,0,0
2347,7,0,52,0,7,2
2348,8,0,54,1,10,3
2349,8,0,52,0,3,1
2350,3,0,25,0,1,1
2351,7,0,46,0,4,2
2352,7,0,39,1,10,3
2353,8,0,36,0,1,0
2354,3,0,56,1,4,3
2355,7,0,54,0,4,1
2356,5,0,31,0,10,1
2357,7,0,29,1,10,3
2358,7,0,25,0,6,0
2359,7,0,64,0,2,1
2360,5,1,40,1,10,2
2361,7,0,37,0,10,3
2362,7,1,58,1,4,2
2363,5,0,45,0,6,1
2364,8,0,60,0,1,1
2365,9,0,47,0,7,1
2366,2,0,19,0,6,1
2367,0,0,44,1,8,3
2368,0,0,36,0,4,0
2369,8,0,37,0,10,2
2370,6,0,55,0,1,1
2371,5,0,35,1,4,2
2372,6,0,34,0,10,1
2373,6,0,42,1,10,3
2374,5,0,42,1,9,3
2375,1,0,38,0,7,1
2376,3,0,54,0,5,3
2377,2,1,24,1,4,1
2378,6,0,43,0,4,1
2379,10,0,46,1,9,3
2380,7,0,42,0,8,0
2381,5,0,16,0,0,0
2382,10,0,37,1,10,3
2383,5,0,43,1,4,3
2384,5,0,48,1,4,3
2385,5,0,18,1,0,0
2386,9,0,15,1,0,0
2387,8,0,54,0,6,2
2388,7,0,54,1,7,3
2389,7,0,51,0,4,0
2390,6,0,26,0,9,2
2391,4,0,39,0,4,1
2392,0,0,28,0,4,0
2393,8,1,50,1,8,3
2394,8,0,48,0,7,0
2395,7,0,17,1,1,0
2396,8,0,43,1,10,3
2397,6,0,42,0,4,3
2398,4,0,36,1,7,2
2399,4,0,53,0,7,3
2400,9,0,26,0,6,0
2401,5,0,22,0,6,0
2402,0,0,65,1,0,1
2403,3,0,40,1,4,2
2404,7,0,50,1,10,2
2405,10,0,37,0,4,0
2406,10,0,37,1,4,2
2407,7,0,31,0,4,3
2408,6,1,42,1,10,3
2409,0,0,58,0,4,0
2410,0,0,46,0,5,1
2411,3,1,30,1,6,2
2412,7,1,49,0,6,3
2413,5,0,20,1,1,0
2414,8,0,49,1,4,3
2415,7,0,45,0,6,0
2416,7,0,51,0,4,1
2417,7,0,43,1,4,3
2418,6,0,18,1,1,0
2419,2,1,17,0,1,0
2420,4,0,33,0,4,0
2421,7,0,47,1,6,3
2422,8,0,44,0,9,0
2423,6,0,30,1,10,1
2424,10,0,49,1,9,2
2425,7,0,43,0,6,2
2426,6,0,57,1,10,3
2427,7,0,54,0,6,2
2428,7,0,26,0,10,0
2429,8,0,24,0,6,0
2430,8,0,22,0,6,0
2431,7,0,52,1,7,3
2432,9,0,43,0,6,1
2433,0,1,16,1,1,0
2434,8,0,50,1,9,3
2435,6,1,59,0,2,0
2436,7,0,58,0,10,0
2437,5,0,34,1,6,1
2438,6,0,24,0,6,1
2439,7,0,21,1,6,0
2440,6,0,19,0,1,0
2441,5,1,38,1,5,3
2442,7,0,22,0,6,0
2443,8,0,66,0,4,0
2444,2,0,53,1,4,2
2445,9,0,45,0,4,1
2446,8,0,53,1,5,1
2447,5,0,43,0,4,1
2448,8,0,39,1,9,3
2449,8,0,36,0,4,0
2450,5,0,47,0,7,3
2451,7,0,47,0,4,1
2452,2,0,44,1,4,3
2453,3,0,18,1,1,0
2454,6,0,61,1,4,2
2455,5,0,27,0,6,2
2456,0,0,20,1,0,0
2457,8,0,17,1,1,0
2458,5,0,58,1,1,1
2459,3,1,25,0,2,1
2460,4,0,51,0,4,1
2461,8,0,45,1,8,3
2462,6,0,44,0,7,1
2463,7,1,41,1,4,2
2464,8,0,26,1,9,1
2465,8,0,19,0,4,0
2466,3,0,47,0,1,0
2467,5,0,51,1,4,2
2468,7,0,59,1,6,3
2469,6,1,19,0,6,0
2470,7,0,41,0,10,1
2471,8,0,34,0,3,2
2472,7,0,54,0,4,2
2473,7,0,60,1,9,3
2474,6,0,59,0,5,0
2475,9,0,28,0,4,2
2476,6,0,55,0,10,3
2477,10,0,23,0,1,0
2478,6,0,27,1,9,2
2479,3,0,24,1,4,1
2480,10,0,65,0,2,0
2481,5,0,59,1,7,3
2482,5,0,49,1,4,3
2483,0,1,15,1,0,0
2484,6,0,37,0,10,3
2485,10,0,41,1,4,2
2486,4,0,50,1,4,3
2487,0,0,62,1,4,2
2488,8,0,44,1,10,3
2489,5,0,43,0,4,0
2490,9,0,39,1,7,2
2491,8,0,39,0,4,0
2492,6,0,39,0,9,1
2493,9,0,55,0,4,3
2494,7,0,55,0,4,1
2495,6,0,25,0,4,1
2496,7,0,44,0,10,2
2497,7,0,43,1,10,3
2498,7,0,60,0,7,1
2499,5,0,25,0,10,0
2500,8,0,33,1,10,3
2501,7,0,33,0,4,0
2502,8,0,73,1,6,0
2503,7,0,62,0,10,2
2504,2,0,26,0,6,0
2505,7,0,39,0,10,3
2506,8,0,44,1,10,3
2507,8,0,38,0,4,1
2508,8,0,16,1,0,0
2509,8,1,64,0,4,0
2510,10,0,63,0,6,1
2511,7,0,48,0,10,3
2512,0,0,47,0,1,0
2513,5,0,44,1,7,3
2514,3,0,49,0,5,1
2515,1,0,21,1,4,2
2516,6,0,19,0,2,0
2517,8,0,48,0,2,1
2518,3,1,18,1,1,0
2519,3,1,15,1,1,0
2520,5,0,44,0,4,0
2521,5,0,53,0,0,0
2522,2,1,26,1,1,1
2523,9,0,45,1,9,3
2524,7,0,39,0,10,3
2525,7,0,43,1,4,2
2526,8,0,48,1,9,3
2527,6,0,42,0,10,1
2528,8,0,64,1,8,1
2529,8,0,52,0,1,0
2530,7,1,22,1,4,1
2531,8,0,54,0,7,2
2532,8,0,46,1,4,1
2533,7,0,55,1,10,3
2534,7,0,40,0,4,1
2535,8,0,48,1,4,2
2536,7,0,50,0,1,0
2537,6,0,52,1,8,3
2538,7,0,51,0,4,0
2539,7,1,48,1,4,3
2540,8,0,45,0,4,1
2541,5,0,18,0,6,1
2542,8,0,17,0,0,0
2543,3,1,72,1,10,3
2544,8,0,69,0,9,1
2545,5,0,29,0,10,1
2546,5,0,63,1,4,3
2547,6,0,56,0,1,1
2548,5,0,43,1,10,3
2549,6,0,54,1,9,3
2550,9,0,54,0,4,1
2551,9,0,24,0,6,0
2552,5,0,57,1,7,3
2553,8,0,54,0,4,1
2554,6,1,27,1,7,2
2555,7,0,51,0,4,0
2556,8,0,50,1,4,3
2557,4,0,44,1,6,3
2558,8,0,39,1,4,2
2559,7,0,52,0,4,1
2560,0,0,60,1,1,1
2561,8,0,44,0,2,1
2562,7,0,42,1,4,2
2563,10,0,52,1,4,3
2564,5,0,48,0,5,1
2565,2,0,47,1,7,3
2566,5,1,19,1,0,0
2567,7,0,17,0,2,0
2568,4,0,15,0,0,0
2569,7,0,50,0,4,1
2570,1,0,30,1,9,3
2571,0,0,57,1,0,2
2572,5,0,23,0,1,0
2573,5,0,42,1,8,3
2574,5,0,45,1,4,2
2575,7,0,39,0,4,0
2576,7,0,41,0,7,1
2577,8,0,66,0,1,0
2578,9,0,62,1,4,3
2579,8,1,36,0,6,0
2580,7,0,35,1,7,1
2581,8,0,55,0,2,2
2582,7,1,19,0,2,0
2583,8,0,46,0,5,0
2584,5,1,15,1,1,0
2585,5,0,46,1,8,2
2586,5,0,46,0,4,0
2587,7,0,17,0,1,0
2588,5,0,45,0,4,1
2589,5,0,17,0,1,0
2590,5,0,15,0,0,0
2591,7,1,41,0,4,0
2592,4,0,41,1,7,3
2593,6,0,45,1,4,2
2594,5,0,40,0,2,0
2595,10,0,61,0,1,0
2596,10,0,63,0,5,1
2597,6,0,28,1,9,1
2598,7,1,46,0,6,1
2599,8,0,45,1,10,3
2600,4,0,62,0,1,0
2601,8,0,53,0,8,1
2602,4,0,25,1,4,1
2603,8,0,60,0,1,0
2604,7,0,29,1,4,2
2605,0,0,39,0,4,2
2606,7,0,55,0,4,1
2607,7,0,49,0,4,1
2608,4,0,22,0,0,1
2609,0,0,20,1,4,1
2610,8,1,41,0,4,1
2611,3,0,52,0,5,1
2612,6,0,54,0,5,3
2613,6,0,47,1,7,3
2614,5,0,16,0,0,0
2615,10,0,61,1,1,0
2616,7,0,51,0,4,2
2617,7,0,52,1,8,3
2618,6,0,23,1,4,1
2619,10,0,38,0,4,0
2620,5,0,44,1,4,3
2621,4,0,17,0,1,0
2622,7,0,59,0,4,2
2623,8,0,52,1,10,3
2624,1,0,48,0,2,1
2625,8,1,15,1,0,0
2626,5,0,47,1,10,2
2627,6,0,41,0,2,0
2628,7,1,46,1,10,3
2629,10,0,43,0,4,0
2630,5,0,65,1,4,1
2631,4,0,42,1,4,2
2632,5,0,41,0,4,0
2633,2,0,51,1,9,3
2634,7,0,46,1,7,2
2635,8,0,24,1,6,0
2636,8,0,42,0,10,2
2637,4,0,20,1,0,1
2638,6,0,18,0,0,0
2639,10,0,16,1,1,0
2640,7,0,69,1,5,0
2641,5,0,62,0,7,1
2642,5,0,58,0,7,3
2643,6,0,56,1,7,3
2644,10,1,51,0,7,1
2645,6,0,22,1,6,0
2646,7,1,20,1,6,1
2647,6,0,17,0,0,0
2648,0,0,56,1,7,2
2649,8,0,54,0,4,1
2650,8,0,48,1,10,3
2651,8,0,47,0,10,1
2652,7,0,49,1,7,3
2653,7,0,17,1,0,0
2654,8,0,50,0,1,0
2655,5,0,27,1,5,2
2656,5,0,37,1,7,2
2657,7,0,60,0,6,3
2658,7,0,23,1,6,0
2659,3,0,16,1,1,0
2660,8,0,39,0,3,2
2661,2,0,25,0,4,1
2662,8,0,21,1,4,1
2663,7,0,46,1,10,3
2664,9,0,42,0,8,1
2665,9,0,69,0,4,0
2666,5,0,57,0,4,0
2667,7,0,56,1,7,3
2668,8,0,53,0,9,0
2669,8,0,17,0,2,0
2670,10,0,39,0,1,0
2671,6,1,43,0,9,1
2672,6,0,45,1,7,3
2673,9,1,15,1,0,0
2674,7,0,39,1,10,3
2675,8,0,36,0,10,0
2676,8,0,39,0,4,0
2677,8,0,66,0,2,0
2678,5,0,47,0,0,1
2679,5,0,26,1,1,1
2680,4,0,25,0,4,1
2681,8,1,52,1,1,1
2682,7,0,27,0,1,2
2683,4,0,24,1,1,2
2684,7,0,22,1,0,2
2685,5,0,18,0,6,0
2686,7,0,40,0,2,0
2687,9,0,54,1,10,3
2688,4,0,46,1,4,2
2689,9,0,66,1,10,1
2690,7,0,23,0,9,1
2691,5,0,20,0,4,0
2692,8,0,56,0,4,2
2693,6,0,44,0,4,1
2694,6,0,43,0,1,2
2695,8,0,37,1,4,1
2696,8,0,57,1,10,3
2697,5,0,55,0,4,1
2698,7,0,51,0,10,0
2699,8,0,49,1,7,3
2700,8,1,18,1,0,0
2701,6,0,73,0,4,0
2702,7,0,47,1,8,2
2703,5,0,47,0,1,1
2704,8,0,66,1,8,0
2705,7,0,60,0,4,1
2706,8,0,48,1,3,3
2707,7,0,20,1,1,0
2708,10,0,17,0,2,0
2709,6,0,58,1,7,2
2710,3,0,38,1,7,3
2711,6,0,61,0,1,1
2712,10,0,40,0,5,1
2713,5,0,51,0,4,0
2714,9,0,47,1,10,3
2715,9,0,43,0,4,0
2716,10,0,33,1,4,2
2717,2,0,63,1,1,1
2718,7,0,49,0,4,3
2719,8,0,61,1,4,3
2720,7,0,72,0,2,0
2721,8,0,42,1,9,3
2722,6,0,55,0,6,0
2723,6,0,42,1,4,3
2724,7,0,38,0,2,0
2725,2,0,18,0,1,0
2726,8,0,57,1,4,1
2727,8,0,43,0,9,1
2728,7,0,50,0,10,3
2729,8,1,50,1,10,0
2730,9,0,23,0,6,0
2731,5,0,61,0,7,3
2732,8,0,32,0,4,0
2733,6,0,45,0,4,1
2734,5,0,44,1,7,3
2735,10,0,16,0,1,0
2736,7,0,14,0,0,0
2737,5,0,47,1,8,3
2738,8,0,46,0,5,0
2739,8,0,61,0,4,0
2740,7,0,52,1,10,1
2741,9,0,50,0,9,1
2742,7,0,44,0,7,1
2743,7,0,19,0,1,0
2744,4,1,17,1,1,0
2745,0,1,54,0,5,0
2746,6,0,54,0,1,1
2747,7,0,24,1,4,1
2748,4,0,33,1,4,1
2749,7,0,49,1,4,0
2750,4,0,19,1,6,1
2751,8,0,17,0,0,0
2752,4,0,15,1,0,0
2753,8,0,59,1,4,2
2754,5,0,49,0,1,0
2755,5,0,23,1,1,1
2756,1,0,20,0,4,0
2757,8,0,17,0,2,0
2758,5,0,59,0,7,1
2759,5,0,59,0,7,2
2760,7,1,56,1,4,3
2761,6,0,34,1,9,2
2762,6,0,27,1,9,1
2763,8,0,35,1,9,3
2764,6,0,30,0,6,0
2765,7,0,65,1,8,3
2766,5,0,58,1,4,2
2767,6,0,50,0,4,1
2768,6,0,45,0,4,1
2769,6,1,41,1,7,3
2770,7,0,32,0,6,0
2771,9,1,56,1,4,3
2772,5,1,53,0,4,0
2773,7,0,68,1,4,1
2774,10,0,40,1,10,3
2775,7,0,50,1,7,3
2776,8,0,47,0,2,0
2777,5,0,14,0,0,0
2778,7,0,57,1,9,3
2779,9,0,51,0,8,1
2780,2,1,18,1,2,0
2781,8,1,57,1,10,3
2782,7,0,48,0,10,3
2783,8,0,41,1,8,1
2784,8,0,59,1,4,3
2785,4,0,28,0,9,2
2786,6,0,48,0,10,1
2787,0,1,21,1,0,0
2788,8,0,19,0,1,0
2789,3,0,17,0,0,0
2790,7,0,48,1,4,2
2791,8,0,54,1,10,3
2792,7,0,52,0,10,2
2793,8,0,18,1,6,0
2794,8,0,54,1,4,2
2795,7,0,50,0,1,0
2796,7,0,19,1,1,0
2797,7,0,17,0,1,0
2798,8,0,40,0,2,1
2799,8,0,49,0,6,1
2800,8,0,48,0,4,2
2801,6,0,57,1,10,3
2802,2,1,22,1,0,0
2803,8,0,52,0,10,1
2804,7,1,19,1,6,0
2805,8,0,46,0,6,3
2806,5,0,17,1,0,0
2807,2,1,38,1,4,2
2808,7,0,54,1,4,3
2809,7,0,53,0,6,1
2810,7,0,23,0,4,3
2811,8,0,46,0,4,1
2812,5,0,43,1,1,1
2813,4,0,35,0,1,1
2814,3,0,51,1,8,3
2815,7,0,50,0,7,2
2816,8,0,20,1,1,0
2817,6,0,17,0,1,0
2818,4,0,44,1,4,3
2819,8,0,37,1,10,3
2820,8,1,36,0,4,1
2821,10,0,53,1,9,3
2822,5,0,70,1,9,3
2823,9,1,39,0,10,2
2824,8,0,54,0,6,1
2825,7,0,41,0,7,2
2826,3,0,37,1,4,2
2827,5,0,32,0,4,1
2828,6,1,50,1,6,3
2829,3,0,40,0,4,0
2830,7,0,18,1,1,0
2831,5,0,68,1,8,1
2832,10,0,59,0,1,0
2833,4,0,59,1,3,3
2834,8,0,31,0,10,1
2835,8,0,53,0,8,3
2836,8,0,61,1,10,3
2837,5,0,40,1,5,2
2838,0,0,36,0,4,1
2839,8,0,50,1,9,3
2840,8,0,49,0,6,1
2841,8,0,16,0,1,0
2842,4,0,40,0,4,0
2843,9,0,70,0,1,0
2844,7,0,75,1,6,0
2845,7,0,35,1,5,3
2846,5,0,52,1,6,1
2847,4,0,49,1,4,2
2848,5,0,47,0,4,2
2849,7,0,39,1,4,3
2850,10,0,49,0,5,2
2851,5,0,39,1,1,2
2852,7,0,39,0,4,0
2853,8,0,37,1,10,3
2854,4,0,48,1,4,0
2855,8,0,41,0,6,1
2856,9,0,30,1,9,1
2857,6,0,40,1,7,3
2858,6,0,46,0,3,3
2859,8,0,36,1,10,3
2860,5,0,35,1,7,1
2861,6,0,43,1,8,3
2862,6,0,42,1,9,2
2863,5,0,37,1,7,3
2864,4,0,30,1,4,1
2865,8,0,42,0,4,1
2866,6,1,18,0,0,0
2867,9,0,22,1,0,1
2868,6,0,33,1,4,1
2869,8,0,43,1,1,2
2870,6,0,35,0,4,1
2871,0,0,28,0,1,2
2872,8,0,52,1,4,3
2873,6,0,32,0,1,1
2874,8,0,46,1,9,3
2875,7,0,36,0,10,1
2876,8,0,29,1,9,2
2877,5,0,34,1,4,3
2878,9,0,35,0,6,1
2879,1,0,31,0,6,0
2880,8,0,29,0,5,0
2881,8,0,45,1,10,2
2882,5,0,29,0,4,1
2883,3,0,31,0,4,0
2884,3,0,45,0,1,0
2885,4,0,33,1,10,3
2886,6,0,28,0,4,1
2887,5,0,31,1,4,2
2888,7,0,31,0,4,1
2889,0,0,30,0,5,0
2890,10,0,35,1,10,3
2891,2,0,29,1,10,0
2892,7,1,32,0,10,1
2893,8,0,29,0,10,0
2894,6,0,33,1,4,2
2895,7,0,34,0,4,0
2896,6,0,31,1,4,2
2897,8,0,30,1,4,2
2898,6,0,47,0,10,1
2899,6,0,30,1,10,2
2900,4,0,36,1,7,3
2901,7,0,35,0,9,1
2902,7,0,38,0,8,2
2903,0,0,54,1,1,2
2904,1,0,36,1,8,1
2905,8,1,56,0,10,3
2906,8,0,35,0,10,1
2907,8,0,57,1,9,3
2908,9,1,30,0,4,0
2909,8,0,26,0,10,1
2910,0,0,65,0,6,1
2911,7,0,27,1,9,2
2912,10,0,42,0,4,1
2913,0,0,66,1,5,0
2914,7,0,37,0,10,2
2915,0,0,30,0,4,2
2916,8,0,60,1,4,3
2917,5,0,31,0,6,1
2918,6,0,40,1,4,3
2919,8,0,32,1,4,2
2920,8,0,25,1,10,1
2921,4,0,47,1,7,3
2922,6,0,37,0,10,0
2923,6,1,31,0,4,1
2924,8,0,41,0,7,3
2925,10,0,33,0,10,2
2926,8,0,39,0,4,0
2927,4,0,31,1,4,2
2928,7,0,29,0,10,2
2929,4,0,16,0,0,0
2930,8,0,47,0,9,3
2931,8,0,53,1,10,3
2932,7,0,36,1,10,3
2933,8,0,31,1,8,1
2934,7,0,28,0,10,1
2935,5,0,30,0,10,2
2936,5,0,36,1,4,2
2937,9,0,28,0,4,1
2938,7,0,32,1,6,2
2939,4,0,50,1,4,2
2940,3,0,20,1,1,1
2941,7,0,26,1,9,3
2942,8,0,26,0,9,1
2943,6,0,29,0,4,1
2944,7,0,45,0,7,1
2945,7,1,33,0,10,1
2946,8,0,27,0,4,1
2947,6,0,41,1,10,3
2948,7,0,42,0,10,3
2949,5,0,48,0,3,0
2950,6,0,25,1,3,1
2951,5,0,38,0,1,1
2952,5,0,45,1,4,1
2953,5,0,21,0,1,1
2954,9,0,41,0,8,0
2955,5,1,24,1,5,2
2956,0,0,54,0,6,1
2957,8,0,34,1,6,0
2958,6,0,38,0,10,3
2959,0,0,25,0,4,1
2960,5,0,41,0,10,2
2961,8,0,40,1,10,3
2962,5,0,55,0,1,1
2963,8,0,54,1,7,3
2964,6,0,52,0,10,3
2965,10,0,64,0,9,1
2966,7,0,39,0,10,1
2967,7,0,37,1,10,3
2968,0,0,31,1,4,2
2969,9,0,47,0,5,2
2970,7,1,31,1,8,3
2971,5,0,29,0,4,1
2972,3,0,34,1,4,1
2973,0,0,22,1,4,1
2974,5,0,58,0,4,1
2975,6,1,28,0,10,1
2976,0,0,40,1,10,3
2977,2,0,49,1,7,3
2978,5,0,59,0,4,1
2979,5,0,49,1,9,3
2980,4,0,21,1,6,0
2981,5,0,47,1,4,3
2982,2,0,43,0,4,0
2983,5,0,17,1,0,0
2984,10,0,47,0,10,2
2985,8,1,32,1,10,1
2986,3,0,39,1,1,2
2987,5,1,35,1,4,2
2988,5,0,39,1,1,2
2989,3,0,37,0,1,1
2990,5,1,45,0,1,2
2991,2,1,18,0,1,0
2992,7,0,39,0,9,1
2993,5,0,36,1,10,3
2994,2,0,56,0,5,0
2995,7,0,42,1,10,3
2996,5,0,52,1,6,3
2997,8,0,47,0,10,3
2998,7,0,34,0,1,1
2999,6,0,47,0,9,0
3000,7,0,35,1,4,2
3001,2,0,35,1,4,3
3002,7,0,32,0,4,1
3003,6,0,47,1,10,3
3004,10,0,58,0,9,0
3005,7,0,62,1,3,2
3006,7,0,30,0,6,2
3007,6,0,49,1,6,3
3008,8,0,49,0,6,0
3009,7,0,62,1,5,3
3010,0,0,41,1,4,3
3011,7,0,31,0,10,2
3012,7,0,51,1,10,3
3013,7,0,40,0,4,0
3014,7,1,58,0,9,3
3015,10,0,50,1,10,3
3016,7,0,25,0,10,1
3017,9,0,23,0,6,0
3018,6,0,41,1,6,3
3019,8,0,38,0,4,1
3020,7,1,46,1,4,2
3021,9,0,53,0,6,3
3022,7,0,26,1,4,1
3023,8,1,23,1,6,0
3024,7,0,38,1,7,2
3025,5,1,36,1,7,2
3026,3,0,42,0,5,1
3027,4,0,39,1,4,2
3028,6,0,34,0,4,1
3029,7,0,58,1,4,3
3030,8,0,25,0,4,1
3031,5,0,35,1,8,3
3032,8,1,44,1,4,3
3033,8,0,40,0,5,1
3034,6,1,15,1,0,0
3035,0,1,61,0,6,1
3036,7,0,41,0,8,3
3037,8,0,32,0,10,2
3038,8,1,29,1,9,2
3039,7,0,33,1,4,1
3040,8,0,64,1,6,1
3041,5,1,39,0,4,1
3042,0,0,43,1,4,2
3043,0,0,38,0,1,0
3044,5,0,42,0,1,1
3045,0,0,31,0,4,1
3046,8,0,35,1,4,3
3047,8,1,28,1,7,2
3048,8,0,41,1,7,2
3049,6,0,28,0,4,1
3050,3,0,24,1,4,1
3051,8,0,58,0,8,3
3052,8,0,30,1,4,3
3053,7,0,41,0,6,0
3054,7,0,44,1,7,3
3055,8,0,51,1,9,3
3056,7,0,48,0,5,0
3057,6,0,37,1,9,2
3058,4,0,41,1,7,2
3059,8,0,41,0,1,1
3060,7,0,16,1,0,0
3061,10,0,43,1,1,2
3062,5,0,41,0,10,0
3063,5,1,20,1,1,1
3064,0,0,17,1,0,0
3065,8,0,53,1,4,2
3066,5,0,32,0,6,1
3067,3,0,58,1,10,2
3068,0,0,29,0,1,0
3069,2,0,32,0,4,2
3070,6,0,54,0,4,0
3071,6,0,33,1,4,1
3072,3,0,22,0,1,0
3073,6,0,41,1,4,3
3074,3,0,45,1,9,3
3075,5,0,43,0,5,1
3076,5,0,15,1,0,0
3077,7,1,50,1,1,1
3078,5,1,39,1,4,1
3079,6,1,38,0,1,0
3080,5,1,27,0,8,1
3081,2,0,60,1,7,2
3082,0,0,50,0,1,1
3083,7,0,32,1,9,2
3084,8,0,31,0,6,1
3085,6,0,25,0,6,1
3086,3,0,53,1,1,2
3087,4,0,22,1,4,1
3088,6,0,20,1,4,0
3089,10,0,46,0,6,1
3090,9,0,43,1,4,3
3091,8,0,45,0,10,3
3092,5,0,48,0,4,0
3093,7,0,61,1,4,0
3094,4,0,52,0,5,1
3095,7,0,34,1,4,2
3096,7,1,51,1,4,3
3097,6,1,24,1,9,0
3098,7,0,22,1,10,1
3099,10,0,37,1,4,2
3100,7,0,35,0,10,0
3101,7,0,64,1,10,3
3102,2,1,37,1,4,2
3103,5,1,42,1,4,1
3104,5,0,43,0,4,1
3105,8,0,39,1,4,2
3106,7,0,14,0,0,0
3107,0,0,58,0,1,1
3108,7,0,57,0,3,1
3109,6,0,31,1,10,3
3110,7,0,58,0,4,1
3111,7,1,54,1,6,3
3112,7,0,63,0,4,1
3113,8,0,51,1,4,3
3114,8,0,49,0,7,2
3115,2,1,22,1,1,1
3116,8,0,66,0,4,1
3117,9,0,46,0,4,1
3118,8,0,45,0,6,1
3119,8,0,33,1,6,2
3120,5,0,32,0,9,2
3121,6,0,44,1,4,3
3122,4,0,33,0,9,3
3123,7,0,40,0,10,3
3124,8,0,32,1,10,3
3125,5,0,62,0,8,2
3126,8,1,50,0,10,3
3127,0,1,48,1,4,2
3128,6,0,61,0,4,1
3129,8,0,46,1,10,3
3130,8,0,28,0,4,1
3131,6,0,34,1,6,3
3132,7,0,49,0,6,1
3133,6,0,50,1,6,3
3134,6,1,16,1,0,0
3135,7,1,27,0,4,2
3136,9,0,39,0,9,3
3137,7,0,56,0,10,2
3138,7,0,44,1,4,2
3139,8,0,69,1,10,3
3140,6,0,36,0,4,0
3141,4,0,23,0,4,1
3142,5,0,26,1,4,1
3143,7,0,53,1,7,2
3144,8,0,67,1,4,0
3145,8,0,34,0,8,1
3146,8,0,33,1,5,2
3147,9,0,54,1,10,3
3148,8,0,17,0,1,0
3149,0,1,52,0,4,1
3150,4,0,64,1,4,2
3151,10,0,56,0,4,0
3152,8,0,63,0,4,0
3153,3,0,38,0,4,0
3154,8,0,54,1,9,2
3155,8,0,53,0,10,3
3156,10,0,23,1,4,3
3157,8,0,40,0,10,1
3158,2,0,55,0,4,1
3159,10,0,17,0,1,0
3160,5,0,65,1,10,3
3161,6,0,39,0,4,0
3162,7,0,37,1,4,1
3163,8,0,50,0,4,1
3164,6,0,42,1,4,2
3165,8,0,41,0,4,1
3166,9,1,17,0,2,0
3167,8,0,43,1,4,3
3168,2,0,41,0,4,1
3169,8,0,65,0,4,0
3170,5,0,37,1,4,1
3171,4,1,27,1,7,3
3172,4,0,62,0,4,1
3173,6,0,60,1,8,3
3174,5,0,39,1,10,0
3175,0,1,50,0,3,3
3176,9,0,41,1,10,3
3177,3,0,57,1,6,3
3178,5,0,56,0,9,1
3179,8,0,15,1,1,0
3180,8,0,46,1,10,3
3181,8,0,43,0,9,2
3182,5,0,57,0,4,1
3183,6,0,61,0,4,1
3184,5,0,33,0,7,1
3185,7,0,26,0,4,1
3186,3,0,40,1,7,2
3187,5,0,37,0,4,1
3188,7,1,41,0,4,2
3189,5,0,19,1,0,0
3190,5,1,50,0,4,0
3191,7,0,40,1,10,3
3192,8,0,42,0,4,1
3193,6,0,43,1,1,1
3194,7,0,34,0,10,2
3195,5,0,39,0,4,1
3196,8,0,34,0,2,1
3197,5,0,60,1,4,2
3198,5,0,51,1,4,1
3199,8,0,35,1,4,0
3200,10,0,30,0,4,2
3201,6,0,49,0,7,1
3202,5,1,23,1,6,0
3203,7,0,45,0,4,1
3204,8,1,19,0,1,0
3205,2,1,17,1,1,0
3206,6,0,46,1,8,1
3207,6,0,43,0,5,1
3208,8,0,42,1,10,3
3209,5,0,58,1,9,3
3210,6,0,50,1,10,3
3211,6,1,39,0,7,0
3212,8,0,49,1,4,3
3213,8,0,48,0,4,0
3214,7,0,23,1,6,0
3215,7,0,22,0,4,0
3216,8,0,19,1,1,0
3217,8,0,16,1,1,0
3218,6,0,49,1,6,2
3219,1,0,40,1,4,3
3220,0,0,38,0,1,0
3221,8,0,53,0,4,3
3222,8,0,49,0,7,0
3223,5,0,48,1,4,1
3224,8,0,40,0,4,0
3225,9,0,41,1,7,3
3226,7,1,15,1,0,0
3227,7,0,36,0,6,1
3228,7,0,48,1,4,3
3229,7,0,35,0,4,1
3230,9,0,37,1,10,3
3231,5,0,51,0,4,2
3232,6,0,62,1,4,1
3233,5,0,57,0,4,1
3234,8,0,38,0,4,1
3235,5,0,77,0,5,0
3236,7,0,48,1,0,0
3237,8,0,60,1,4,3
3238,5,0,49,0,1,1
3239,4,0,40,1,7,1
3240,5,0,36,0,4,1
3241,5,0,37,1,9,3
3242,0,0,32,0,1,0
3243,5,0,43,0,4,0
3244,8,0,47,1,4,2
3245,8,0,50,0,4,0
3246,8,0,22,0,1,0
3247,5,0,20,0,6,1
3248,7,0,17,0,1,0
3249,8,0,42,0,4,0
3250,5,1,20,1,4,1
3251,4,0,65,0,1,0
3252,1,1,19,1,2,0
3253,7,0,16,0,0,0
3254,6,0,17,0,1,0
3255,8,0,17,0,1,0
3256,7,1,41,0,4,2
3257,7,0,45,1,10,3
3258,6,0,36,0,4,1
3259,5,1,36,1,7,2
3260,9,0,43,0,6,0
3261,8,0,29,0,8,1
3262,3,0,22,0,4,1
3263,5,0,42,1,4,2
3264,7,0,39,1,9,3
3265,7,0,42,0,7,2
3266,5,0,38,0,10,1
3267,4,0,45,1,4,2
3268,7,0,34,0,10,3
3269,9,0,49,0,9,1
3270,7,0,17,1,2,0
3271,8,0,58,1,5,3
3272,0,0,27,1,4,1
3273,8,0,38,0,7,0
3274,7,0,45,1,4,2
3275,7,0,43,0,5,2
3276,7,0,52,1,7,3
3277,8,0,49,0,4,0
3278,5,0,58,1,4,3
3279,6,0,57,0,1,0
3280,1,0,45,0,6,3
3281,8,0,18,0,1,0
3282,7,0,16,1,0,0
3283,0,0,43,0,2,1
3284,7,0,21,1,1,0
3285,8,0,71,1,9,1
3286,2,0,44,1,7,2
3287,5,0,39,0,4,0
3288,4,1,29,0,4,0
3289,6,0,33,1,4,1
3290,10,0,35,0,10,2
3291,10,0,63,0,4,0
3292,7,0,32,0,4,2
3293,6,0,29,0,4,1
3294,8,0,44,0,4,0
3295,10,0,44,1,9,3
3296,7,1,17,0,0,0
3297,8,0,17,1,1,0
3298,4,0,70,1,10,1
3299,8,0,67,0,9,0
3300,8,0,49,1,10,3
3301,5,0,17,0,0,0
3302,6,0,26,0,4,1
3303,3,0,45,1,9,3
3304,8,0,41,0,4,0
3305,8,0,40,0,4,1
3306,3,0,61,1,10,2
3307,7,0,35,0,4,1
3308,9,0,51,0,6,0
3309,6,0,19,1,1,0
3310,8,0,63,1,4,0
3311,7,0,55,0,4,3
3312,8,0,41,0,10,1
3313,7,0,38,1,10,3
3314,5,0,47,1,4,2
3315,7,0,43,0,4,1
3316,7,0,19,0,1,0
3317,9,0,17,1,1,0
3318,3,0,48,1,1,1
3319,6,1,53,1,7,2
3320,7,0,51,1,5,1
3321,5,0,45,0,4,2
3322,4,0,21,0,8,0
3323,5,0,19,1,1,0
3324,7,0,17,1,0,0
3325,8,0,66,1,9,0
3326,4,0,50,0,4,3
3327,7,1,20,0,0,0
3328,6,0,22,1,3,2
3329,7,1,17,1,0,0
3330,9,0,49,0,4,1
3331,2,0,60,1,4,2
3332,8,0,41,1,9,3
3333,7,0,37,0,1,1
3334,10,0,44,0,4,0
3335,5,0,37,1,9,3
3336,6,0,54,0,9,3
3337,5,0,40,0,4,1
3338,6,0,50,1,4,3
3339,5,0,45,0,4,0
3340,7,0,19,1,1,0
3341,5,0,17,1,0,0
3342,7,0,37,0,7,3
3343,7,0,34,0,4,3
3344,5,0,41,1,4,3
3345,6,0,18,1,0,0
3346,7,0,44,1,9,0
3347,5,0,41,0,4,0
3348,8,0,44,1,7,2
3349,8,0,46,0,4,1
3350,9,0,47,1,8,3
3351,7,0,73,1,4,0
3352,5,1,60,1,4,3
3353,10,0,22,0,6,1
3354,8,0,56,1,4,2
3355,8,0,57,0,7,2
3356,6,0,51,0,6,1
3357,8,0,51,1,10,3
3358,6,0,22,0,6,0
3359,7,0,29,0,4,0
3360,6,1,33,1,4,3
3361,4,0,40,1,6,1
3362,6,0,45,0,4,1
3363,9,0,45,1,4,3
3364,5,0,23,0,6,0
3365,8,0,19,1,1,0
3366,5,0,57,0,10,0
3367,8,0,42,1,7,3
3368,7,0,41,0,6,0
3369,4,0,58,1,9,0
3370,5,0,57,1,1,1
3371,7,0,39,1,4,1
3372,9,0,38,0,4,0
3373,9,0,68,1,10,1
3374,8,0,52,1,9,3
3375,5,0,44,0,3,0
3376,8,0,39,0,4,2
3377,8,0,46,0,10,0
3378,8,0,49,1,7,3
3379,7,0,47,0,9,3
3380,8,0,56,1,4,3
3381,8,0,48,0,1,0
3382,5,0,35,1,9,3
3383,8,0,50,1,10,3
3384,7,0,57,0,4,3
3385,7,0,53,1,8,0
3386,8,0,51,0,10,1
3387,9,0,36,1,10,1
3388,9,0,52,0,10,1
3389,7,0,28,0,10,1
3390,5,0,50,0,7,3
3391,8,0,72,1,8,2
3392,5,0,39,1,6,2
3393,7,0,40,0,8,1
3394,7,0,47,0,9,3
3395,7,0,20,0,6,0
3396,7,0,16,0,2,0
3397,8,0,81,1,8,0
3398,8,0,52,0,7,2
3399,9,0,56,0,10,3
3400,3,0,20,1,6,0
3401,5,0,56,1,4,1
3402,3,0,52,0,4,0
3403,7,0,29,0,7,2
3404,4,0,23,1,4,1
3405,6,0,31,1,10,3
3406,8,0,47,0,4,0
3407,9,1,45,1,4,2
3408,5,1,24,1,5,1
3409,6,0,27,1,8,3
3410,7,0,67,1,4,3
3411,4,0,43,1,1,1
3412,8,0,50,1,4,2
3413,10,0,31,0,0,2
3414,8,0,34,0,10,3
3415,6,0,36,1,10,3
3416,6,0,81,0,4,0
3417,6,0,30,1,10,3
3418,7,0,57,0,4,3
3419,8,0,57,1,6,1
3420,5,1,55,1,10,3
3421,6,0,47,0,7,0
3422,7,0,49,1,4,2
3423,8,0,41,0,5,0
3424,2,0,52,1,4,3
3425,4,1,29,1,4,2
3426,0,0,26,0,4,2
3427,9,0,33,1,7,3
3428,8,0,34,0,6,0
3429,7,0,36,0,7,0
3430,7,0,36,1,4,2
3431,7,0,37,1,1,1
3432,3,0,52,1,9,3
3433,5,0,21,1,4,1
3434,8,0,40,1,4,1
3435,7,0,45,1,7,3
3436,10,0,54,0,7,1
3437,8,0,44,0,4,0
3438,8,0,38,0,10,1
3439,7,0,35,1,10,3
3440,5,0,58,0,4,1
3441,7,0,78,1,9,1
3442,8,0,53,1,9,3
3443,10,0,51,0,6,0
3444,8,0,25,0,9,1
3445,8,1,22,1,1,3
3446,3,0,20,0,1,0
3447,8,0,49,0,4,0
3448,7,0,49,1,4,3
3449,8,0,18,0,0,0
3450,7,0,30,0,6,1
3451,9,0,41,1,10,3
3452,7,0,49,0,4,1
3453,6,0,18,0,1,0
3454,9,0,44,1,10,3
3455,7,0,20,0,6,0
3456,7,0,72,0,4,0
3457,0,0,23,0,4,1
3458,5,0,53,0,4,2
3459,4,0,38,1,6,2
3460,8,0,76,0,4,0
3461,7,0,38,1,8,3
3462,7,0,48,0,4,2
3463,10,0,21,0,4,0
3464,4,1,20,0,2,0
3465,6,0,58,0,8,0
3466,5,0,47,1,1,1
3467,6,0,45,0,7,0
3468,8,0,36,1,7,3
3469,5,0,39,0,4,0
3470,4,1,20,1,4,0
3471,8,0,41,1,9,3
3472,0,1,54,0,4,1
3473,7,0,67,1,10,1
3474,7,0,66,0,10,3
3475,7,0,41,0,9,2
3476,7,0,17,0,0,0
3477,5,0,21,0,4,1
3478,9,0,39,0,10,2
3479,5,1,39,1,10,3
3480,7,0,40,0,4,0
3481,9,0,41,1,4,1
3482,5,0,30,0,7,3
3483,6,0,41,0,9,0
3484,5,0,43,1,7,3
3485,8,0,39,0,4,1
3486,7,0,59,1,4,2
3487,4,0,30,1,6,2
3488,5,0,43,0,4,1
3489,10,0,55,0,9,1
3490,8,0,22,1,4,0
3491,5,0,37,0,7,2
3492,9,0,48,0,5,1
3493,9,0,55,0,6,1
3494,7,1,24,1,6,0
3495,7,0,50,0,4,1
3496,8,0,23,1,4,2
3497,7,0,21,1,4,1
3498,5,0,31,1,9,3
3499,5,1,63,1,6,3
3500,8,0,53,0,4,1
3501,7,0,50,0,4,1
3502,7,0,19,0,6,0
3503,8,0,24,0,10,0
3504,5,0,23,0,6,0
3505,9,0,53,0,4,0
3506,7,0,46,0,9,3
3507,9,0,45,1,4,1
3508,7,0,16,1,1,0
3509,9,0,15,0,0,0
3510,5,0,52,1,9,3
3511,10,0,47,0,7,0
3512,7,0,18,1,0,0
3513,6,0,32,1,9,2
3514,4,0,38,0,4,1
3515,8,0,62,0,4,1
3516,8,0,62,0,5,1
3517,7,0,22,1,4,1
3518,2,1,47,1,7,3
3519,6,0,45,0,4,1
3520,5,1,22,1,6,0
3521,5,1,20,1,1,0
3522,6,0,45,1,10,3
3523,8,0,55,1,4,2
3524,5,0,32,0,2,1
3525,4,0,30,1,9,3
3526,0,0,29,0,6,2
3527,3,0,44,1,7,2
3528,5,0,43,0,1,0
3529,2,0,21,0,1,0
3530,8,1,19,0,4,1
3531,8,0,86,0,4,0
3532,7,0,61,0,4,0
3533,5,0,37,0,4,1
3534,8,0,54,1,7,3
3535,6,0,24,1,1,1
3536,6,0,46,1,8,3
3537,7,0,45,0,4,1
3538,6,1,17,0,1,0
3539,8,0,46,1,4,1
3540,8,0,19,1,0,0
3541,8,0,59,1,9,1
3542,8,0,37,0,6,2
3543,5,1,37,1,4,2
3544,8,0,35,0,4,2
3545,5,0,52,0,1,1
3546,8,1,45,1,4,3
3547,7,1,36,0,4,0
3548,7,0,34,1,9,3
3549,5,0,55,0,1,2
3550,7,0,47,1,4,3
3551,0,0,41,1,4,1
3552,7,0,61,1,4,3
3553,7,1,34,1,5,2
3554,5,0,32,1,7,1
3555,6,0,50,1,4,3
3556,5,0,32,1,9,2
3557,4,0,38,1,4,2
3558,4,0,52,1,4,3
3559,6,0,51,0,7,3
3560,8,0,52,1,7,3
3561,8,0,51,0,7,3
3562,5,0,53,0,5,0
3563,6,0,48,0,4,1
3564,8,0,38,1,7,3
3565,5,0,35,0,4,1
3566,6,0,32,1,4,1
3567,8,0,44,0,4,2
3568,5,1,44,1,4,2
3569,9,0,34,0,10,3
3570,7,0,50,0,8,2
3571,7,0,56,0,10,3
3572,5,1,19,1,1,0
3573,6,0,62,0,5,1
3574,6,0,25,1,4,1
3575,0,1,21,1,4,1
3576,8,0,61,1,8,3
3577,7,0,58,0,5,0
3578,4,0,32,1,10,2
3579,3,0,19,0,1,0
3580,6,0,63,1,10,1
3581,10,0,50,1,1,1
3582,7,0,49,0,6,1
3583,8,0,54,1,10,3
3584,6,0,17,1,1,0
3585,3,0,60,0,1,0
3586,7,0,28,0,6,2
3587,7,0,19,0,6,0
3588,8,0,54,1,10,3
3589,10,1,46,0,8,0
3590,5,0,57,0,6,2
3591,7,1,33,0,10,2
3592,7,0,58,1,10,3
3593,6,0,29,1,6,3
3594,5,0,38,1,10,3
3595,8,0,24,0,6,0
3596,4,0,50,0,4,1
3597,6,0,20,0,1,0
3598,7,0,16,1,0,0
3599,8,0,55,0,6,0
3600,7,0,30,1,4,1
3601,7,0,42,1,8,3
3602,7,0,41,0,9,1
3603,8,1,52,0,4,1
3604,6,0,49,0,10,3
3605,7,0,46,1,10,2
3606,7,0,46,0,9,1
3607,5,0,29,0,6,1
3608,7,0,50,1,10,3
3609,2,1,21,1,6,0
3610,0,0,33,0,4,2
3611,9,0,66,1,10,3
3612,6,0,32,0,4,2
3613,6,0,35,1,4,1
3614,6,0,20,0,4,0
3615,5,0,33,1,4,2
3616,0,1,27,0,2,1
3617,5,0,62,0,1,1
3618,5,0,63,0,3,1
3619,1,1,21,1,1,0
3620,8,0,61,1,10,3
3621,6,0,59,0,8,1
3622,6,0,51,0,10,1
3623,3,1,54,0,6,0
3624,5,0,39,0,10,3
3625,5,1,47,1,6,3
3626,7,0,64,1,9,3
3627,10,0,60,0,5,0
3628,4,0,51,1,9,1
3629,6,0,51,0,3,1
3630,8,0,44,1,5,3
3631,7,0,43,0,6,3
3632,4,0,35,0,0,0
3633,5,0,41,0,5,1
3634,3,1,41,1,6,3
3635,7,0,59,1,4,3
3636,5,0,56,0,4,2
3637,2,0,69,1,10,3
3638,5,1,47,0,6,1
3639,5,0,41,1,4,1
3640,6,0,37,0,4,0
3641,7,0,41,1,4,2
3642,10,0,38,0,7,1
3643,9,0,47,0,9,3
3644,4,0,48,1,9,3
3645,8,0,41,0,6,3
3646,0,0,46,0,1,0
3647,0,0,21,0,4,0
3648,7,0,48,1,4,2
3649,5,0,46,0,1,0
3650,5,0,20,1,4,0
3651,10,0,56,0,7,3
3652,5,1,59,1,4,0
3653,8,0,75,1,7,0
3654,7,0,38,1,9,1
3655,5,0,40,1,9,3
3656,3,0,38,1,6,2
3657,7,0,38,0,9,1
3658,4,0,40,1,1,2
3659,7,0,61,0,4,0
3660,7,0,25,1,4,1
3661,5,0,24,1,9,0
3662,4,0,41,1,10,3
3663,5,0,43,0,4,1
3664,8,0,53,1,9,3
3665,5,0,47,0,7,3
3666,0,0,20,0,1,0
3667,4,1,41,1,4,1
3668,6,0,33,0,4,0
3669,5,0,23,1,4,1
3670,3,0,15,0,0,0
3671,6,0,47,1,5,1
3672,7,0,45,0,5,0
3673,8,0,41,0,10,1
3674,7,0,22,0,4,1
3675,0,0,65,1,6,3
3676,5,0,57,0,1,1
3677,0,0,29,1,6,1
3678,7,0,27,0,6,2
3679,10,0,36,0,5,0
3680,8,0,49,1,6,1
3681,3,0,59,1,8,3
3682,8,0,31,1,4,2
3683,7,0,45,1,4,3
3684,5,0,40,0,2,0
3685,6,0,49,1,7,3
3686,8,0,19,0,1,0
3687,3,0,48,1,4,1
3688,7,0,46,0,4,1
3689,0,0,20,1,3,0
3690,6,0,16,1,1,0
3691,3,0,52,0,5,1
3692,7,0,42,1,7,2
3693,2,0,38,0,5,0
3694,4,0,42,1,7,3
3695,7,0,37,0,4,1
3696,3,0,32,0,4,0
3697,8,1,51,1,9,3
3698,8,1,46,0,10,1
3699,7,0,18,1,6,1
3700,7,1,17,1,1,0
3701,5,0,34,0,4,1
3702,8,0,62,0,6,2
3703,6,0,41,1,5,3
3704,7,0,33,0,10,0
3705,0,0,45,0,1,1
3706,7,0,53,0,6,0
3707,5,0,45,1,9,3
3708,0,0,31,0,4,0
3709,0,0,61,1,5,1
3710,10,1,47,0,9,1
3711,4,0,29,1,4,1
3712,4,1,61,1,5,3
3713,4,0,59,0,1,0
3714,0,0,73,1,10,3
3715,6,0,43,0,9,1
3716,8,0,41,1,4,1
3717,5,0,45,1,4,3
3718,8,0,31,0,10,1
3719,2,0,25,0,9,1
3720,8,0,52,0,1,1
3721,5,1,38,0,10,2
3722,8,0,41,0,10,3
3723,7,0,44,1,10,3
3724,5,0,17,0,0,0
3725,6,0,54,1,6,2
3726,6,0,27,1,6,0
3727,8,0,52,1,4,2
3728,7,0,49,0,4,0
3729,5,1,17,1,0,0
3730,9,0,52,1,5,3
3731,8,0,40,1,9,3
3732,8,0,32,0,4,1
3733,7,0,36,0,10,3
3734,7,0,67,0,3,1
3735,9,1,57,1,9,3
3736,7,0,52,1,4,3
3737,7,0,50,0,6,1
3738,7,1,16,0,1,0
3739,7,0,41,0,9,3
3740,8,0,55,0,10,1
3741,8,0,48,0,3,1
3742,8,0,69,0,4,0
3743,5,1,53,0,4,2
3744,7,0,55,1,9,3
3745,8,0,55,1,4,3
3746,7,0,49,1,10,3
3747,8,0,46,0,10,1
3748,8,0,46,0,4,1
3749,8,0,40,0,4,1
3750,7,0,44,1,7,3
3751,5,0,17,1,1,0
3752,5,1,15,0,1,0
3753,8,0,60,1,4,3
3754,6,0,30,0,4,0
3755,8,0,30,1,4,1
3756,7,0,31,0,6,2
3757,5,0,35,0,4,2
3758,4,1,33,1,10,2
3759,7,0,48,0,4,1
3760,6,0,58,1,6,1
3761,5,0,49,0,2,0
3762,3,1,18,1,0,0
3763,5,0,14,1,0,0
3764,7,0,66,0,4,0
3765,8,0,43,1,7,3
3766,3,0,61,0,4,1
3767,8,0,41,1,9,3
3768,7,0,68,1,7,0
3769,9,0,43,0,1,0
3770,6,0,36,0,4,1
3771,5,1,25,0,7,1
3772,7,0,63,1,8,1
3773,5,0,60,0,4,0
3774,8,0,55,1,6,3
3775,7,0,53,0,6,1
3776,9,1,42,1,10,3
3777,7,1,37,0,4,1
3778,5,0,56,0,4,1
3779,8,0,63,1,7,1
3780,8,0,35,1,7,3
3781,7,0,38,0,6,1
3782,6,0,28,1,7,1
3783,7,0,28,0,6,1
3784,8,0,39,1,10,1
3785,5,0,50,0,1,1
3786,7,0,64,1,10,0
3787,2,1,28,0,6,1
3788,7,0,30,1,8,3
3789,5,0,50,0,1,1
3790,7,0,48,1,4,3
3791,5,0,47,0,4,0
3792,4,0,24,0,3,1
3793,8,0,22,0,3,0
3794,3,1,17,0,0,0
3795,7,0,47,0,4,3
3796,8,1,66,1,10,0
3797,7,0,59,0,9,0
3798,5,0,66,1,8,0
3799,8,0,63,0,4,2
3800,7,0,55,1,9,3
3801,8,0,28,1,9,3
3802,4,0,22,1,4,1
3803,9,0,39,0,7,0
3804,9,0,39,1,7,3
3805,6,0,16,0,0,0
3806,8,0,38,1,10,3
3807,8,1,48,1,4,3
3808,8,0,47,0,6,1
3809,8,0,18,0,0,0
3810,2,1,22,1,6,0
3811,8,0,66,0,4,0
3812,7,0,78,1,9,0
3813,7,0,55,0,10,2
3814,5,0,44,1,1,1
3815,6,0,37,0,10,1
3816,5,1,42,1,10,3
3817,7,0,50,1,6,3
3818,2,1,49,0,7,2
3819,5,0,26,1,4,0
3820,10,0,56,0,10,1
3821,2,1,41,0,1,1
3822,6,0,29,0,10,2
3823,8,0,34,1,8,3
3824,2,1,34,0,10,3
3825,4,0,60,1,4,3
3826,7,0,63,1,7,2
3827,4,0,60,1,10,3
3828,7,1,22,1,1,1
3829,6,0,42,0,7,0
3830,3,0,52,0,4,0
3831,9,0,36,0,4,1
3832,5,0,45,0,4,1
3833,1,0,20,1,1,0
3834,1,0,19,0,1,0
3835,5,0,45,0,10,3
3836,7,0,43,0,10,3
3837,3,0,66,1,4,1
3838,8,0,61,0,5,1
3839,8,0,60,0,4,1
3840,0,0,60,0,4,0
3841,8,0,62,1,4,2
3842,7,0,50,1,9,3
3843,7,0,45,0,4,1
3844,10,0,40,0,7,3
3845,9,0,62,1,10,2
3846,8,0,54,1,4,3
3847,10,0,44,1,10,3
3848,5,1,40,0,6,1
3849,5,1,16,1,1,0
3850,6,1,15,1,1,0
3851,4,1,48,0,7,1
3852,7,0,53,0,7,3
3853,5,0,22,1,3,0
3854,6,0,19,0,6,0
3855,7,0,48,1,7,3
3856,8,0,43,1,10,3
3857,6,0,56,1,6,3
3858,8,0,30,1,4,1
3859,7,0,31,0,9,2
3860,8,0,27,0,9,1
3861,5,1,75,0,3,0
3862,8,0,52,0,6,2
3863,8,0,51,1,4,3
3864,8,0,47,1,4,3
3865,7,0,46,0,4,1
3866,6,0,18,1,1,0
3867,10,0,38,1,7,3
3868,8,0,37,0,4,0
3869,5,0,54,0,4,1
3870,6,0,44,1,7,3
3871,0,0,28,1,9,2
3872,10,1,26,0,6,1
3873,6,0,60,1,4,2
3874,10,0,56,1,4,3
3875,7,0,46,0,4,0
3876,6,1,18,0,1,0
3877,7,0,47,0,4,0
3878,3,0,19,0,4,1
3879,5,1,18,1,1,0
3880,8,0,43,0,4,2
3881,7,0,49,1,4,3
3882,10,0,43,0,4,0
3883,2,0,54,0,4,1
3884,5,0,47,1,10,3
3885,7,1,17,1,0,0
3886,5,0,16,1,1,0
3887,6,0,41,0,7,1
3888,8,0,49,0,7,3
3889,7,0,67,1,10,3
3890,7,0,45,1,6,3
3891,7,0,42,0,9,1
3892,7,0,37,1,10,3
3893,6,0,34,0,4,0
3894,6,0,43,1,4,2
3895,7,0,37,0,4,0
3896,5,0,18,0,1,0
3897,0,0,17,0,0,0
3898,7,0,54,0,6,3
3899,7,0,54,0,10,1
3900,5,0,17,0,0,0
3901,6,0,52,0,9,3
3902,5,0,63,1,7,1
3903,4,0,59,1,7,3
3904,8,0,51,0,7,0
3905,8,1,21,0,6,1
3906,7,0,47,0,4,1
3907,7,1,58,1,9,3
3908,4,0,27,0,6,0
3909,7,1,25,0,6,0
3910,8,0,53,1,6,2
3911,6,0,76,1,10,0
3912,5,0,50,1,10,3
3913,6,0,36,0,10,2
3914,0,0,39,0,4,1
3915,7,1,44,0,4,1
3916,5,1,16,1,1,0
3917,9,0,27,0,9,2
3918,7,0,39,1,9,2
3919,8,0,36,0,4,0
3920,6,0,51,1,7,2
3921,4,0,19,1,4,2
3922,5,0,17,1,1,0
3923,7,0,46,1,4,1
3924,9,0,35,0,10,1
3925,8,0,45,1,6,2
3926,9,0,32,1,9,2
3927,8,0,37,1,10,3
3928,10,0,49,1,10,3
3929,7,0,22,0,6,0
3930,7,0,20,0,6,0
3931,8,0,49,0,1,2
3932,7,0,29,0,4,2
3933,7,0,50,1,10,3
3934,7,0,68,1,8,0
3935,7,0,52,1,4,3
3936,5,0,47,1,9,2
3937,5,0,45,0,4,1
3938,0,1,42,0,4,1
3939,7,0,44,0,4,0
3940,2,0,44,1,7,3
3941,3,0,66,1,8,0
3942,3,0,35,0,3,0
3943,8,0,57,0,4,0
3944,6,0,44,1,4,2
3945,10,0,37,0,3,0
3946,9,0,58,1,4,0
3947,5,0,25,0,4,1
3948,0,1,25,0,6,2
3949,2,0,62,1,4,0
3950,7,0,32,1,6,2
3951,4,0,29,1,4,1
3952,7,0,37,0,9,0
3953,4,0,36,1,9,3
3954,5,0,57,1,8,2
3955,5,0,54,0,7,0
3956,5,0,36,1,10,1
3957,5,0,31,1,8,3
3958,7,0,48,0,7,2
3959,8,0,30,0,9,2
3960,6,0,30,1,9,2
3961,7,0,43,1,10,3
3962,8,0,46,1,1,1
3963,7,0,53,1,9,3
3964,7,0,41,0,10,3
3965,8,0,45,1,9,3
3966,8,0,46,0,4,0
3967,8,1,44,0,4,1
3968,7,0,38,0,10,2
3969,3,0,44,1,10,3
3970,5,0,39,1,7,2
3971,5,0,34,0,4,0
3972,8,0,57,0,6,0
3973,4,0,22,1,6,1
3974,8,0,20,1,6,0
3975,10,0,29,0,7,0
3976,3,1,22,1,1,0
3977,5,0,43,1,7,3
3978,8,0,53,1,4,3
3979,5,0,24,0,4,1
3980,3,0,19,1,6,0
3981,2,0,60,0,7,0
3982,8,0,40,0,10,2
3983,6,0,58,0,10,3
3984,7,0,47,1,6,3
3985,8,0,36,1,10,1
3986,9,0,36,0,10,3
3987,5,0,25,0,4,1
3988,2,0,46,0,7,3
3989,6,1,27,0,10,1
3990,7,0,45,0,10,3
3991,10,0,59,1,10,3
3992,6,0,54,0,10,3
3993,6,0,52,1,10,3
3994,6,1,21,0,1,0
3995,6,0,18,0,6,0
3996,8,0,44,1,6,1
3997,7,0,36,0,10,2
3998,5,0,45,0,4,2
3999,6,0,52,1,4,2
4000,9,0,49,0,4,1
4001,7,0,64,1,9,3
4002,3,0,44,1,6,3
4003,6,0,56,1,4,3
4004,9,0,33,1,9,3
4005,10,0,43,0,9,3
4006,8,0,51,1,10,3
4007,7,0,49,0,4,1
4008,7,0,41,0,9,3
4009,10,1,33,1,10,3
4010,8,0,25,1,6,0
4011,8,0,45,0,4,0
4012,8,0,49,1,4,1
4013,7,0,17,0,1,0
4014,7,0,35,0,9,1
4015,7,0,38,0,7,0
4016,3,0,30,1,10,1
4017,7,0,56,1,7,1
4018,10,0,37,1,4,2
4019,2,0,48,0,4,1
4020,5,0,59,1,10,3
4021,5,0,56,0,10,3
4022,8,0,22,1,10,1
4023,6,0,54,0,4,3
4024,6,0,69,1,4,1
4025,5,0,58,0,1,1
4026,7,0,37,0,10,2
4027,3,0,33,1,10,3
4028,8,0,34,1,10,3
4029,7,0,32,0,10,3
4030,6,0,57,1,9,3
4031,10,0,30,1,4,2
4032,9,0,38,1,4,2
4033,7,0,36,0,4,0
4034,7,0,43,1,6,3
4035,5,0,19,1,1,0
4036,6,0,62,1,9,0
4037,10,0,69,1,7,1
4038,6,0,54,0,10,3
4039,3,0,32,1,2,2
4040,7,1,49,0,10,1
4041,5,1,36,1,9,1
4042,10,0,49,1,6,3
4043,5,0,45,0,9,3
4044,7,0,32,1,9,3
4045,7,1,55,0,4,2
4046,6,0,40,1,4,2
4047,7,0,20,1,1,1
4048,6,0,22,1,2,0
4049,7,0,64,1,9,0
4050,8,0,62,0,4,0
4051,5,0,69,0,6,0
4052,8,0,56,1,8,3
4053,8,0,54,0,4,1
4054,2,0,55,0,4,1
4055,7,0,47,1,10,3
4056,5,1,16,1,0,0
4057,7,0,63,1,9,0
4058,6,0,62,0,6,0
4059,7,0,28,1,10,0
4060,7,1,31,1,10,3
4061,6,0,54,1,6,3
4062,0,0,47,0,4,0
4063,8,0,22,1,4,1
4064,7,0,20,0,1,0
4065,8,1,59,1,10,2
4066,5,1,40,0,4,2
4067,8,0,58,1,5,3
4068,4,0,41,0,7,0
4069,8,0,52,1,4,2
4070,8,0,50,0,4,0
4071,2,0,18,0,1,0
4072,2,1,16,0,4,0
4073,7,0,48,0,4,1
4074,5,0,15,0,0,0
4075,8,0,19,0,4,0
4076,7,1,16,1,1,0
4077,7,0,51,0,8,1
4078,8,0,41,1,9,3
4079,8,0,33,0,6,0
4080,0,0,56,0,4,1
4081,2,0,26,1,4,3
4082,7,0,26,0,4,1
4083,9,0,46,1,1,1
4084,6,0,42,0,4,0
4085,2,0,19,1,4,0
4086,5,0,16,0,0,0
4087,6,0,49,1,4,3
4088,7,1,43,0,4,1
4089,3,0,62,0,4,0
4090,7,1,34,0,10,1
4091,8,0,36,1,4,2
4092,7,0,55,1,6,3
4093,7,0,54,1,7,3
4094,8,0,51,0,4,1
4095,8,1,26,1,10,1
4096,7,0,20,0,4,2
4097,4,0,19,1,0,0
4098,7,1,27,0,4,1
4099,6,0,54,0,5,1
4100,7,0,18,0,1,0
4101,7,0,33,0,6,3
4102,5,0,34,1,10,1
4103,6,0,50,1,9,2
4104,8,0,44,0,6,0
4105,5,0,62,0,2,2
4106,7,0,64,1,10,2
4107,9,0,59,0,4,0
4108,7,0,26,0,4,2
4109,8,0,52,1,10,3
4110,6,0,56,1,10,3
4111,9,1,45,0,6,1
4112,7,0,58,1,4,3
4113,6,0,46,1,10,3
4114,7,0,16,0,0,0
4115,5,0,69,0,1,0
4116,6,0,72,1,7,3
4117,6,0,31,0,4,2
4118,8,0,42,0,4,1
4119,8,0,46,1,7,3
4120,8,0,27,0,4,1
4121,6,0,35,1,4,2
4122,7,0,36,1,7,3
4123,8,0,46,0,4,3
4124,8,0,44,1,9,3
4125,2,0,49,0,6,0
4126,3,0,48,1,7,3
4127,5,0,37,0,8,1
4128,5,0,39,1,9,3
4129,6,0,37,1,7,3
4130,2,0,38,1,8,2
4131,4,0,37,0,4,0
4132,7,0,62,1,10,3
4133,3,0,24,0,4,1
4134,8,1,46,1,4,3
4135,8,0,45,0,6,2
4136,9,0,45,1,4,3
4137,8,0,18,0,1,0
4138,5,0,16,0,1,0
4139,5,1,20,1,4,0
4140,6,0,17,1,1,0
4141,7,0,55,1,7,3
4142,8,0,39,0,10,1
4143,4,1,51,1,10,3
4144,10,0,29,1,9,2
4145,3,0,42,0,4,3
4146,3,0,42,0,1,1
4147,7,0,50,1,10,3
4148,5,0,33,0,10,3
4149,0,0,65,0,6,1
4150,6,0,49,0,4,2
4151,7,0,56,0,4,1
4152,9,0,57,0,4,1
4153,8,0,57,1,7,3
4154,5,0,58,1,4,3
4155,9,0,54,0,2,1
4156,4,1,21,1,1,0
4157,5,0,63,1,7,1
4158,7,0,37,1,4,2
4159,9,0,30,0,4,2
4160,9,0,35,0,7,0
4161,0,0,52,0,1,3
4162,9,0,54,0,4,1
4163,7,0,57,0,4,2
4164,7,0,24,1,4,2
4165,9,0,39,0,6,0
4166,7,0,18,0,0,0
4167,7,0,29,1,10,1
4168,5,1,16,1,0,0
4169,8,0,54,0,4,0
4170,6,0,57,1,4,3
4171,9,0,35,1,6,1
4172,7,0,31,0,6,0
4173,8,0,51,1,8,1
4174,5,0,41,1,4,2
4175,8,0,43,1,4,2
4176,7,0,43,0,4,0
4177,8,0,55,0,7,3
4178,10,0,55,1,4,2
4179,8,0,35,1,10,3
4180,5,0,35,0,10,3
4181,0,1,55,0,4,1
4182,5,0,61,1,4,2
4183,7,0,46,0,10,1
4184,10,0,42,1,9,3
4185,5,1,57,1,8,2
4186,9,0,26,0,10,0
4187,10,1,61,0,4,0
4188,8,0,53,1,4,3
4189,6,0,39,1,10,3
4190,5,0,52,0,4,1
4191,3,0,65,0,1,0
4192,4,0,54,1,6,3
4193,6,0,29,0,10,2
4194,5,0,52,0,4,0
4195,7,0,45,1,10,3
4196,8,0,55,0,4,0
4197,3,0,38,0,7,2
4198,10,0,37,1,4,2
4199,7,0,48,0,8,3
4200,4,0,52,0,4,0
4201,7,0,63,0,7,2
4202,8,0,39,1,10,3
4203,5,0,48,1,4,2
4204,3,0,40,0,4,0
4205,9,0,59,1,9,1
4206,5,0,56,0,9,1
4207,7,0,26,1,8,2
4208,5,0,21,1,1,0
4209,8,0,41,0,10,1
4210,4,0,19,0,6,1
4211,0,0,56,0,1,1
4212,7,0,33,1,4,2
4213,10,0,32,0,4,2
4214,6,0,67,1,7,0
4215,9,0,60,0,6,1
4216,0,0,45,1,4,1
4217,7,0,35,1,10,3
4218,6,0,34,0,4,1
4219,3,0,24,1,8,1
4220,7,0,43,1,5,1
4221,6,0,62,1,10,3
4222,4,0,52,0,4,1
4223,7,0,45,1,10,3
4224,8,0,30,0,6,0
4225,6,0,48,1,7,2
4226,8,0,46,0,4,0
4227,0,0,16,1,0,0
4228,7,0,51,1,10,3
4229,7,1,43,0,6,1
4230,6,0,60,1,4,3
4231,8,0,58,0,5,0
4232,5,0,35,0,10,0
4233,4,0,55,0,4,1
4234,8,0,43,0,5,3
4235,9,0,40,0,4,1
4236,8,0,50,0,10,2
4237,8,0,60,0,5,1
4238,2,0,35,1,6,1
4239,7,0,42,1,6,3
4240,9,0,38,0,9,1
4241,6,0,59,0,4,2
4242,5,0,39,1,7,3
4243,7,0,36,0,5,0
4244,8,0,33,0,6,2
4245,7,0,22,0,10,0
4246,9,1,20,1,6,0
4247,3,1,59,1,4,3
4248,8,0,22,1,6,1
4249,6,0,58,1,7,3
4250,4,0,47,0,4,0
4251,8,0,55,0,4,1
4252,5,0,67,1,4,0
4253,7,0,33,1,4,3
4254,7,0,25,0,6,0
4255,9,0,38,1,9,3
4256,4,0,63,1,10,0
4257,8,0,53,1,7,2
4258,8,0,45,0,7,1
4259,7,0,47,0,6,2
4260,7,0,54,0,2,1
4261,10,0,46,0,7,1
4262,5,1,16,1,0,0
4263,8,0,38,0,9,2
4264,10,1,36,1,10,3
4265,8,0,31,0,10,1
4266,7,0,54,0,9,3
4267,4,0,42,1,8,1
4268,1,0,19,1,1,0
4269,4,0,15,1,0,0
4270,8,0,48,0,1,1
4271,8,1,15,0,0,0
4272,7,0,21,0,1,0
4273,8,0,17,0,2,0
4274,6,0,15,1,0,0
4275,4,0,44,0,4,0
4276,6,0,42,1,7,3
4277,8,0,19,0,4,0
4278,7,0,18,1,0,0
4279,3,1,15,0,0,0
4280,6,0,64,0,4,0
4281,7,0,55,1,7,0
4282,5,0,49,0,8,1
4283,8,0,48,1,9,3
4284,5,0,19,1,1,0
4285,5,0,17,1,1,0
4286,10,0,44,1,4,3
4287,8,0,43,0,9,1
4288,2,0,15,1,1,0
4289,6,0,47,0,4,0
4290,6,0,53,1,9,3
4291,8,0,47,0,4,1
4292,7,0,60,1,7,3
4293,5,0,53,0,4,0
4294,3,0,54,1,4,2
4295,6,1,24,1,4,2
4296,6,0,20,1,1,0
4297,1,1,19,1,1,0
4298,6,0,51,0,4,1
4299,8,0,50,1,9,3
4300,8,0,24,1,4,1
4301,6,0,22,1,6,0
4302,7,0,20,0,4,0
4303,5,1,35,1,4,2
4304,3,1,34,1,6,1
4305,7,1,28,1,9,1
4306,6,1,51,1,7,3
4307,6,0,29,1,4,2
4308,9,0,63,0,4,2
4309,3,0,46,0,7,1
4310,5,0,58,0,4,0
4311,6,0,45,0,4,2
4312,4,1,19,1,0,0
4313,6,0,48,1,4,1
4314,5,0,41,0,4,1
4315,8,0,55,0,4,3
4316,10,0,54,1,1,1
4317,5,0,43,0,4,0
4318,7,0,39,1,4,3
4319,6,0,34,1,9,3
4320,7,1,39,1,9,3
4321,4,1,51,1,10,3
4322,5,0,41,0,8,1
4323,6,0,53,0,10,3
4324,4,0,39,1,9,3
4325,5,0,39,0,10,1
4326,5,0,48,0,4,1
4327,3,0,49,1,8,2
4328,4,0,22,1,4,1
4329,5,1,20,1,4,1
4330,5,0,32,0,4,0
4331,9,0,49,0,4,2
4332,10,0,51,1,7,3
4333,8,0,50,0,4,0
4334,8,0,25,0,10,0
4335,4,0,20,0,1,0
4336,8,0,36,1,7,3
4337,5,0,17,1,1,0
4338,6,0,52,1,7,0
4339,8,1,19,1,4,0
4340,6,0,43,1,10,3
4341,9,0,41,0,4,0
4342,6,0,49,0,4,2
4343,4,1,19,1,4,1
4344,8,1,14,0,1,0
4345,7,0,57,1,10,3
4346,8,0,48,0,10,1
4347,5,0,45,1,4,2
4348,7,0,39,0,4,0
4349,5,0,16,1,0,0
4350,10,1,50,1,9,3
4351,8,0,18,1,1,0
4352,7,0,15,1,0,0
4353,7,0,53,1,4,2
4354,8,0,49,0,7,1
4355,7,0,22,0,3,0
4356,10,0,20,0,3,0
4357,8,0,42,1,9,3
4358,0,0,20,1,1,0
4359,8,0,44,1,6,2
4360,0,0,14,1,0,0
4361,5,0,42,1,9,2
4362,5,0,51,0,10,1
4363,5,0,27,1,10,3
4364,5,0,56,0,4,0
4365,4,0,41,0,4,1
4366,5,0,45,1,10,1
4367,8,0,53,1,4,3
4368,0,0,42,0,7,2
4369,7,0,70,1,4,3
4370,7,0,65,0,4,0
4371,7,0,27,0,4,1
4372,2,0,74,1,1,0
4373,7,0,58,0,1,1
4374,8,0,30,0,9,2
4375,8,0,55,1,5,3
4376,5,0,25,0,4,0
4377,5,0,62,0,10,3
4378,3,0,42,1,7,3
4379,7,0,33,0,6,1
4380,8,0,62,1,5,3
4381,6,0,50,0,5,1
4382,2,0,55,0,4,0
4383,4,0,37,1,10,3
4384,7,0,33,1,4,2
4385,8,0,63,1,10,1
4386,5,0,45,0,4,1
4387,7,0,52,0,4,0
4388,5,1,25,0,4,1
4389,10,0,51,0,10,2
4390,5,0,24,1,4,3
4391,5,0,41,1,4,2
4392,3,0,32,0,8,0
4393,6,0,16,0,0,0
4394,9,0,47,0,6,1
4395,7,0,55,1,6,3
4396,7,0,24,1,4,1
4397,8,0,45,1,6,2
4398,10,0,37,0,9,2
4399,10,1,34,1,10,3
4400,6,0,33,0,10,3
4401,5,0,61,0,4,0
4402,8,0,49,1,10,3
4403,7,0,48,0,4,2
4404,5,0,52,1,4,2
4405,4,0,51,0,4,1
4406,10,0,42,0,10,1
4407,8,0,36,1,10,2
4408,6,0,50,1,4,3
4409,5,0,22,0,1,1
4410,7,0,39,1,4,3
4411,0,0,50,1,9,3
4412,5,0,20,0,4,2
4413,10,0,45,0,7,1
4414,4,1,18,1,0,0
4415,4,0,56,0,3,1
4416,8,0,32,0,6,1
4417,8,0,49,0,6,0
4418,7,0,17,1,1,0
4419,6,0,14,0,0,0
4420,8,0,64,0,9,0
4421,8,0,43,1,10,3
4422,7,0,37,0,10,2
4423,5,0,48,1,4,1
4424,8,0,42,0,7,2
4425,5,0,40,0,4,3
4426,3,0,34,1,7,3
4427,6,0,29,0,4,0
4428,7,0,43,0,7,1
4429,4,0,49,1,9,3
4430,2,0,43,0,4,1
4431,5,0,18,1,1,0
4432,6,0,51,1,9,2
4433,7,0,49,0,9,0
4434,3,0,21,1,4,1
4435,5,0,45,0,4,1
4436,7,0,67,1,6,0
4437,10,1,40,0,10,1
4438,7,0,39,1,10,3
4439,7,0,47,0,4,0
4440,7,0,57,1,4,3
4441,8,0,57,0,4,0
4442,6,1,40,0,5,3
4443,4,0,48,1,4,3
4444,8,0,21,0,4,1
4445,6,0,17,0,1,0
4446,7,0,63,1,7,3
4447,7,0,61,0,6,1
4448,7,0,25,0,6,3
4449,3,1,21,1,1,1
4450,9,0,41,1,7,2
4451,6,0,63,1,4,3
4452,8,0,44,1,4,2
4453,5,0,38,0,9,1
4454,5,0,45,1,4,3
4455,7,0,44,1,1,2
4456,1,0,29,0,1,1
4457,0,0,33,1,1,2
4458,6,0,26,0,10,2
4459,6,0,51,1,4,2
4460,8,0,49,1,4,1
4461,10,0,20,1,1,0
4462,6,0,19,0,4,0
4463,4,1,16,1,0,0
4464,7,0,65,0,9,0
4465,4,1,46,1,4,3
4466,7,0,44,0,8,0
4467,5,0,45,1,4,3
4468,8,0,25,1,9,3
4469,8,0,45,1,10,3
4470,5,0,44,0,7,1
4471,7,0,24,1,6,0
4472,6,0,21,1,1,0
4473,3,0,18,1,1,0
4474,7,0,17,0,1,0
4475,5,1,15,0,0,0
4476,5,0,43,1,9,3
4477,10,0,63,1,7,3
4478,8,0,61,0,4,0
4479,2,0,34,0,4,0
4480,7,0,39,1,4,3
4481,10,0,60,1,5,1
4482,8,0,47,1,4,2
4483,5,0,53,0,4,1
4484,4,0,32,0,4,1
4485,3,0,59,1,9,2
4486,8,0,58,0,4,1
4487,6,0,32,1,10,2
4488,5,0,57,1,4,2
4489,5,0,51,1,10,3
4490,3,0,54,1,4,3
4491,5,0,51,0,4,1
4492,7,0,24,1,4,2
4493,8,0,29,1,10,1
4494,6,0,31,0,5,1
4495,4,0,25,0,6,0
4496,8,0,34,0,10,1
4497,5,0,29,0,10,3
4498,7,0,26,0,4,1
4499,7,0,24,0,6,0
4500,8,0,43,0,4,1
4501,5,0,66,0,4,1
4502,5,0,27,0,10,0
4503,7,0,27,1,6,1
4504,7,0,53,1,9,3
4505,7,0,29,1,10,2
4506,5,1,48,1,9,3
4507,7,0,25,1,4,1
4508,7,1,35,1,4,2
4509,7,0,46,0,5,2
4510,5,1,17,0,0,0
4511,8,0,24,0,6,1
4512,7,0,40,1,10,3
4513,7,0,29,1,7,3
4514,5,0,30,1,7,2
4515,10,0,31,0,9,1
4516,7,0,32,0,10,0
4517,7,1,27,1,7,2
4518,7,0,28,1,10,2
4519,7,0,34,1,4,2
4520,2,1,28,1,4,0
4521,7,0,22,1,6,0
4522,8,0,35,1,9,3
4523,5,0,33,1,10,3
4524,7,0,35,0,10,3
4525,0,1,22,0,1,0
4526,5,1,32,1,6,2
4527,3,0,24,0,4,0
4528,5,0,24,0,8,1
4529,7,0,27,0,9,2
4530,5,0,33,1,4,0
4531,5,0,60,1,10,2
4532,5,0,32,1,9,3
4533,6,0,27,0,3,0
4534,10,0,27,0,10,1
4535,5,1,17,0,0,0
4536,6,0,29,0,10,2
4537,5,1,24,1,6,0
4538,7,0,25,0,6,1
4539,7,0,26,0,4,1
4540,5,0,42,0,7,1
4541,5,0,17,0,0,0
4542,5,0,27,0,10,0
4543,8,0,42,1,7,2
4544,2,0,23,1,4,1
4545,0,1,24,0,6,1
4546,7,0,29,0,9,2
4547,8,0,37,0,4,2
4548,10,0,34,0,10,0
4549,7,0,25,0,10,3
4550,4,0,29,0,4,1
4551,9,0,50,0,10,3
4552,5,0,30,0,10,1
4553,5,1,19,1,4,1
4554,7,0,43,1,4,3
4555,6,0,29,0,6,0
4556,4,0,48,1,9,3
4557,6,0,26,0,10,3
4558,6,0,26,1,10,1
4559,6,0,27,0,9,3
4560,6,0,27,0,3,3
4561,8,1,23,0,6,0
4562,6,1,21,0,6,0
4563,7,0,26,0,4,1
4564,1,0,42,0,1,0
4565,6,1,26,0,6,0
4566,5,0,29,1,4,1
4567,6,0,28,0,4,1
4568,9,0,35,0,10,2
4569,6,0,55,0,4,0
4570,0,0,41,0,4,1
4571,5,0,39,1,10,3
4572,7,0,45,0,4,2
4573,9,1,30,0,7,1
4574,0,0,31,1,10,1
4575,6,0,33,0,4,1
4576,8,0,32,0,9,2
4577,7,0,27,0,4,1
4578,7,0,39,0,8,0
4579,5,0,29,1,4,1
4580,9,0,37,0,10,2
4581,8,0,24,0,7,2
4582,8,0,31,1,10,3
4583,8,0,61,1,8,3
4584,5,0,39,0,4,2
4585,0,0,26,1,4,1
4586,8,1,27,1,10,0
4587,2,0,38,0,9,2
4588,2,0,34,1,10,3
4589,6,0,27,1,7,2
4590,6,0,32,0,10,2
4591,10,0,45,1,4,3
4592,8,0,47,0,10,3
4593,6,1,26,0,4,2
4594,7,0,23,1,4,0
4595,4,0,36,1,7,3
4596,9,1,38,0,9,2
4597,6,0,26,0,10,1
4598,0,0,39,1,4,2
4599,7,0,26,0,10,1
4600,7,0,36,0,10,1
4601,6,0,33,0,4,2
4602,4,0,35,1,10,3
4603,9,0,16,1,1,0
4604,6,0,37,1,8,3
4605,7,0,26,0,5,1
4606,6,0,24,0,1,0
4607,7,0,34,0,4,1
4608,8,1,15,0,1,0
4609,7,0,61,0,4,2
4610,10,1,36,0,4,1
4611,5,0,47,0,4,1
4612,5,1,29,1,10,2
4613,4,0,39,0,5,1
4614,7,0,39,1,8,2
4615,7,0,34,1,7,2
4616,8,0,52,0,4,3
4617,7,0,37,0,10,2
4618,7,1,40,0,10,2
4619,4,0,24,0,4,2
4620,10,0,25,0,10,0
4621,9,1,39,0,7,0
4622,8,1,22,1,4,1
4623,9,0,36,1,10,2
4624,6,0,27,0,5,1
4625,5,0,28,0,6,0
4626,7,0,30,1,10,1
4627,10,0,40,1,8,2
4628,6,0,22,0,2,0
4629,7,0,25,0,5,1
4630,7,0,23,0,4,2
4631,7,0,24,0,9,1
4632,0,1,26,0,6,1
4633,9,1,29,0,10,2
4634,6,0,24,1,10,0
4635,8,1,59,0,2,2
4636,7,0,49,1,10,3
4637,8,1,42,0,10,2
4638,9,1,29,1,6,1
4639,4,0,32,0,4,2
4640,5,0,47,1,10,3
4641,7,0,30,0,4,2
4642,9,0,33,1,7,2
4643,7,0,52,1,4,3
4644,0,0,26,1,4,1
4645,7,0,46,0,4,0
4646,4,0,47,1,1,1
4647,7,1,40,1,10,3
4648,5,0,31,0,5,3
4649,5,0,22,0,4,1
4650,5,0,38,1,4,1
4651,5,0,29,0,10,2
4652,5,0,46,1,10,3
4653,5,0,37,0,10,2
4654,8,0,37,0,10,2
4655,6,1,16,1,0,0
4656,5,0,37,0,4,2
4657,5,0,19,0,6,0
4658,5,0,32,0,10,2
4659,10,0,36,0,6,1
4660,7,0,17,0,1,0
4661,7,0,32,0,4,2
4662,6,0,24,1,10,2
4663,9,0,30,1,10,3
4664,8,0,22,0,4,2
4665,6,0,18,1,6,0
4666,10,0,46,0,5,1
