"Name","Generation","Type1","HP","Attack","Defense","SP_Attack","SP_Defense","Speed","predicted_speed"
"Bulbasaur",1,"Grass",45,49,49,65,65,45,56.2395492673752
"Ivysaur",1,"Grass",60,62,63,80,80,60,62.262982589899
"Venusaur",1,"Grass",80,82,83,100,100,80,70.2942270199308
"Mega Venusaur",1,"Grass",80,100,123,122,120,80,79.1285958929657
"Charmander",1,"Fire",39,52,43,60,50,65,67.2733643151897
"Charmeleon",1,"Fire",58,64,58,80,65,80,71.993592849505
"Charizard",1,"Fire",78,84,78,109,85,100,78.8379242242624
"Mega Charizard X",1,"Fire",78,130,111,130,85,100,83.7941641852935
"Mega Charizard Y",1,"Fire",78,104,78,159,115,100,90.6384955600508
"Squirtle",1,"Water",44,48,65,50,64,43,56.5404110538018
"Wartortle",1,"Water",59,63,80,65,80,58,61.5405675133986
"Blastoise",1,"Water",79,83,100,85,105,78,68.207442792861
"Mega Blastoise",1,"Water",79,103,120,135,115,78,84.874630991517
"Caterpie",1,"Bug",45,30,35,20,20,45,43.4616008502275
"Metapod",1,"Bug",50,20,55,25,25,30,46.1690432404397
"Butterfree",1,"Bug",60,45,50,90,80,70,81.3657943131986
"Weedle",1,"Bug",40,35,30,20,20,50,43.4616008502275
"Kakuna",1,"Bug",45,25,50,25,25,35,46.1690432404397
"Beedrill",1,"Bug",65,90,40,45,80,75,56.9988128012886
"Mega Beedrill",1,"Bug",65,150,40,15,80,145,40.7541584600153
"Pidgey",1,"Normal",40,45,40,35,35,56,63.742532812985
"Pidgeotto",1,"Normal",63,60,55,50,50,71,68.3544761291339
"Pidgeot",1,"Normal",83,80,75,70,70,101,74.503733883999
"Mega Pidgeot",1,"Normal",83,80,80,135,80,121,94.4888215873109
"Rattata",1,"Normal",30,56,35,25,35,72,60.6679039355524
"Alolan Rattata",7,"Dark",30,56,35,25,35,72,57.689014511559
"Raticate",1,"Normal",55,81,60,50,70,97,68.3544761291339
"Alolan Raticate",7,"Dark",75,71,70,40,80,77,63.6960293050677
"Spearow",1,"Normal",40,60,30,31,31,70,62.512681262012
"Fearow",1,"Normal",65,90,65,61,61,100,71.7365678943097
"Ekans",1,"Poison",35,60,44,40,54,55,49.6328755448908
"Arbok",1,"Poison",60,95,69,65,79,80,65.6872611851284
"Pikachu",1,"Electric",35,55,40,50,50,90,81.310983972463
"Raichu",1,"Electric",60,90,55,90,80,110,87.463131285968
"Alolan Raichu",7,"Electric",60,85,50,95,85,110,88.2321497001561
"Sandshrew",1,"Ground",50,75,85,20,30,40,51.0869279745326
"Alolan Sandshrew",7,"Ice",50,75,90,10,35,40,33.9931263687188
"Sandslash",1,"Ground",75,100,110,45,55,65,60.6362713887785
"Alolan Sandslash",7,"Ice",75,100,120,25,65,65,41.2930044025701
"Nidoran F",1,"Poison",55,47,52,40,40,41,49.6328755448908
"Nidorina",1,"Poison",70,62,67,55,55,56,59.2655069290334
"Nidoqueen",1,"Poison",90,92,87,75,85,76,72.1090154412235
"Nidoran M",1,"Poison",46,57,40,40,40,50,49.6328755448908
"Nidorino",1,"Poison",61,72,57,55,55,65,59.2655069290334
"Nidoking",1,"Poison",81,102,77,85,75,85,78.5307696973185
"Clefairy",1,"Fairy",70,45,48,60,65,35,38.4764631016181
"Clefable",1,"Fairy",95,70,73,95,90,60,62.719276887911
"Vulpix",1,"Fire",38,41,40,50,65,65,64.913250048032
"Alolan Vulpix",7,"Ice",38,41,40,50,65,65,53.4594677923222
"Ninetales",1,"Fire",73,76,75,81,100,100,72.2296042762208
"Alolan Ninetales",7,"Ice",73,67,75,81,100,109,68.5458823956148
"Jigglypuff",1,"Normal",115,45,20,45,25,20,66.8171616904176
"Wigglytuff",1,"Normal",140,70,45,85,50,45,79.1156772001479
"Zubat",1,"Poison",40,45,35,30,40,55,43.2111212887957
"Golbat",1,"Poison",75,80,70,65,75,90,65.6872611851284
"Oddish",1,"Grass",45,50,55,75,65,30,60.2551714823911
"Gloom",1,"Grass",60,65,70,85,75,40,64.270793697407
"Vileplume",1,"Grass",75,80,85,110,90,50,74.3098492349466
"Paras",1,"Bug",35,70,55,45,55,25,56.9988128012886
"Parasect",1,"Bug",60,95,80,60,80,30,65.1211399719253
"Venonat",1,"Bug",60,55,50,40,55,45,54.2913704110764
"Venomoth",1,"Bug",70,65,60,90,75,90,81.3657943131986
"Diglett",1,"Ground",10,55,25,35,45,95,56.8165340230802
"Alolan Diglett",7,"Ground",10,55,30,35,45,90,56.8165340230802
"Dugtrio",1,"Ground",35,100,50,50,70,120,62.5461400716277
"Alolan Dugtrio",7,"Ground",35,100,60,50,70,110,62.5461400716277
"Meowth",1,"Normal",40,45,35,40,40,90,65.2798472517013
"Alolan Meowth",7,"Dark",40,35,35,50,40,90,67.7007058340735
"Persian",1,"Normal",65,70,60,65,65,115,72.9664194452828
"Alolan Persian",7,"Dark",65,60,60,75,65,115,77.7123971565879
"Psyduck",1,"Water",50,52,48,65,50,55,61.5405675133986
"Golduck",1,"Water",80,82,78,95,80,85,71.5408804325922
"Mankey",1,"Fighting",40,80,35,35,45,70,57.6928837110228
"Primeape",1,"Fighting",65,105,60,60,70,95,72.7805879172198
"Growlithe",1,"Fire",55,70,45,70,50,60,69.6334785823474
"Arcanine",1,"Fire",90,110,80,100,80,95,76.7138213838204
"Poliwag",1,"Water",40,50,40,40,40,90,53.2069734140706
"Poliwhirl",1,"Water",65,65,65,50,50,90,56.5404110538018
"Poliwrath",1,"Water",90,95,95,70,90,70,63.2072863332642
"Abra",1,"Psychic",25,20,15,105,55,90,84.0789503533213
"Kadabra",1,"Psychic",40,35,30,120,70,105,91.914364786106
"Alakazam",1,"Psychic",55,50,45,135,95,120,99.7497792188907
"Mega Alakazam",1,"Psychic",55,50,65,175,105,150,120.644217706316
"Machop",1,"Fighting",70,80,50,35,35,35,57.6928837110228
"Machoke",1,"Fighting",80,100,70,50,60,45,66.745506234741
"Machamp",1,"Fighting",90,130,80,65,85,55,75.7981287584592
"Bellsprout",1,"Grass",50,75,35,70,30,40,58.2473603748831
"Weepinbell",1,"Grass",65,90,50,85,45,55,64.270793697407
"Victreebel",1,"Grass",80,105,65,100,70,70,70.2942270199308
"Tentacool",1,"Water",40,40,35,50,100,70,56.5404110538018
"Tentacruel",1,"Water",80,70,65,80,120,100,66.5407239729954
"Geodude",1,"Rock",40,80,100,30,30,20,38.7380699436391
"Alolan Geodude",7,"Rock",40,80,100,30,30,20,38.7380699436391
"Graveler",1,"Rock",55,95,115,45,45,35,49.3837342107725
"Alolan Graveler",7,"Rock",55,95,115,45,45,35,49.3837342107725
"Golem",1,"Rock",80,120,130,55,65,45,56.4808437221947
"Alolan Golem",7,"Rock",80,120,130,55,65,45,56.4808437221947
"Ponyta",1,"Fire",50,85,55,65,65,90,68.4534214487685
"Rapidash",1,"Fire",65,100,70,80,80,105,71.993592849505
"Slowpoke",1,"Water",90,65,65,40,40,15,53.2069734140706
"Slowbro",1,"Water",95,75,110,100,80,30,73.2075992524578
"Mega Slowbro",1,"Water",95,75,180,130,80,30,83.2079121716514
"Magnemite",1,"Electric",25,35,70,95,55,45,88.2321497001561
"Magneton",1,"Electric",50,60,95,120,70,70,92.0772417710968
"Farfetch'd",1,"Normal",52,90,55,58,62,60,70.81417923108
"Doduo",1,"Normal",35,85,45,35,35,75,63.742532812985
"Dodrio",1,"Normal",60,110,70,60,60,110,71.4291050065665
"Seel",1,"Water",65,45,55,45,70,45,54.8736922339362
"Dewgong",1,"Water",90,70,80,70,95,70,63.2072863332642
"Grimer",1,"Poison",80,80,50,40,50,25,49.6328755448908
"Alolan Grimer",7,"Poison",80,80,50,40,50,25,49.6328755448908
"Muk",1,"Poison",105,105,75,65,100,50,65.6872611851284
"Alolan Muk",7,"Poison",105,105,75,65,100,50,65.6872611851284
"Shellder",1,"Water",30,65,100,45,25,40,54.8736922339362
"Cloyster",1,"Water",50,95,180,85,45,70,68.207442792861
"Gastly",1,"Ghost",30,35,30,100,35,80,74.2729158407653
"Haunter",1,"Ghost",45,50,45,115,55,95,82.3990298323434
"Gengar",1,"Ghost",60,65,60,130,75,110,90.5251438239216
"Mega Gengar",1,"Ghost",60,65,80,170,95,130,112.194781134797
"Onix",1,"Rock",35,45,160,30,45,70,38.7380699436391
"Drowzee",1,"Psychic",60,48,45,43,90,42,51.6925706978113
"Hypno",1,"Psychic",85,73,70,73,115,67,67.3633995633807
"Krabby",1,"Water",30,105,90,25,25,50,48.2068169544738
"Kingler",1,"Water",55,130,115,50,50,75,56.5404110538018
"Voltorb",1,"Electric",40,30,50,55,55,100,82.0800023866511
"Electrode",1,"Electric",60,50,70,80,80,150,85.9250944575918
"Exeggcute",1,"Grass",60,40,80,60,45,40,54.2317381598673
"Exeggutor",1,"Grass",95,95,85,125,75,55,80.3332825574704
"Alolan Exeggutor",7,"Grass",95,105,85,125,75,45,80.3332825574704
"Cubone",1,"Ground",50,50,95,40,50,35,58.7264027059293
"Marowak",1,"Ground",60,80,110,50,80,45,62.5461400716277
"Alolan Marowak",7,"Fire",60,80,110,50,80,45,64.913250048032
"Hitmonlee",1,"Fighting",50,120,53,35,110,87,57.6928837110228
"Hitmonchan",1,"Fighting",50,105,79,35,110,76,57.6928837110228
"Lickitung",1,"Normal",90,55,75,60,75,30,71.4291050065665
"Koffing",1,"Poison",40,65,95,60,45,35,62.4763840570809
"Weezing",1,"Poison",65,90,120,85,70,60,78.5307696973185
"Rhyhorn",1,"Ground",80,85,95,30,30,25,54.906665340231
"Rhydon",1,"Ground",105,130,120,45,45,40,60.6362713887785
"Chansey",1,"Normal",250,5,5,35,105,50,63.742532812985
"Tangela",1,"Grass",65,55,115,100,40,60,70.2942270199308
"Kangaskhan",1,"Normal",105,95,80,40,80,90,65.2798472517013
"Mega Kangaskhan",1,"Normal",105,125,100,60,100,100,71.4291050065665
"Horsea",1,"Water",30,40,70,70,25,60,63.2072863332642
"Seadra",1,"Water",55,65,95,95,45,85,71.5408804325922
"Goldeen",1,"Water",45,67,60,35,50,63,51.540254594205
"Seaking",1,"Water",80,92,65,65,80,68,61.5405675133986
"Staryu",1,"Water",30,45,55,70,55,85,63.2072863332642
"Starmie",1,"Water",60,75,85,100,85,115,73.2075992524578
"Mr. Mime",1,"Psychic",40,45,65,100,120,90,81.4671455423931
"Scyther",1,"Bug",70,110,80,55,80,105,62.413697581713
"Jynx",1,"Ice",65,50,35,115,95,95,85.0922726056777
"Electabuzz",1,"Electric",65,83,57,95,85,105,88.2321497001561
"Magmar",1,"Fire",65,95,57,100,85,93,76.7138213838204
"Pinsir",1,"Bug",65,125,100,55,70,85,62.413697581713
"Mega Pinsir",1,"Bug",65,155,120,65,90,105,67.8285823621375
"Tauros",1,"Normal",75,100,95,40,70,110,65.2798472517013
"Paldean Tauros Combat Breed",1,"Fighting",75,110,105,30,70,100,54.6753428697834
"Magikarp",1,"Water",20,10,55,15,20,80,44.8733793147426
"Gyarados",1,"Water",95,125,79,60,100,81,59.873848693533
"Mega Gyarados",1,"Water",95,155,109,70,130,81,63.2072863332642
"Lapras",1,"Water",130,85,80,85,95,60,68.207442792861
"Ditto",1,"Normal",48,48,48,48,48,48,67.7395503536474
"Eevee",1,"Normal",55,55,50,45,65,55,66.8171616904176
"Vaporeon",1,"Water",130,65,60,110,95,65,76.541036892189
"Jolteon",1,"Electric",65,65,60,110,95,130,90.5392049427206
"Flareon",1,"Fire",65,130,60,95,110,65,75.5337642502416
"Porygon",1,"Normal",65,60,70,85,75,40,79.1156772001479
"Omanyte",1,"Rock",35,40,100,90,55,35,81.3207270121725
"Omastar",1,"Rock",70,60,125,115,70,55,99.0635007907281
"Kabuto",1,"Rock",30,80,90,55,45,55,56.4808437221947
"Kabutops",1,"Rock",60,115,105,65,70,80,63.577953233617
"Aerodactyl",1,"Rock",80,105,65,60,75,130,60.0293984779058
"Mega Aerodactyl",1,"Rock",80,135,85,70,95,150,67.1265079893281
"Snorlax",1,"Normal",160,110,65,65,110,30,72.9664194452828
"Articuno",1,"Ice",90,85,100,95,125,85,75.359101893876
"Zapdos",1,"Electric",90,90,85,125,90,100,92.846260185285
"Moltres",1,"Fire",90,100,90,125,85,90,82.6141070517147
"Dratini",1,"Dragon",41,64,45,50,50,50,64.6957206027996
"Dragonair",1,"Dragon",61,84,65,70,70,70,72.8677670049898
"Dragonite",1,"Dragon",91,134,95,100,100,80,85.125836608275
"Mewtwo",1,"Psychic",106,110,90,154,90,130,109.674637500418
"Mega Mewtwo X",1,"Psychic",106,190,100,154,100,130,109.674637500418
"Mega Mewtwo Y",1,"Psychic",106,150,70,194,120,140,130.569075987844
"Mew",1,"Psychic",100,100,100,100,100,100,81.4671455423931
"Chikorita",2,"Grass",45,49,65,49,65,45,49.8145537233498
"Bayleef",2,"Grass",60,62,80,63,80,60,55.436424824372
"Meganium",2,"Grass",80,82,100,83,100,80,63.4676692544038
"Cyndaquil",2,"Fire",39,52,43,60,50,65,67.2733643151897
"Quilava",2,"Fire",58,64,58,80,65,80,71.993592849505
"Typhlosion",2,"Fire",78,84,78,109,85,100,78.8379242242624
"Totodile",2,"Water",50,65,64,44,48,43,54.5403484699631
"Croconaw",2,"Water",65,80,80,59,63,58,59.5405049295599
"Feraligatr",2,"Water",85,105,100,79,83,78,66.2073802090223
"Sentret",2,"Normal",35,46,34,35,45,20,63.742532812985
"Furret",2,"Normal",85,76,64,45,55,90,66.8171616904176
"Hoothoot",2,"Normal",60,30,30,36,56,50,64.0499957007283
"Noctowl",2,"Normal",100,50,50,86,96,70,79.4231400878912
"Ledyba",2,"Bug",40,20,30,40,80,55,54.2913704110764
"Ledian",2,"Bug",55,35,50,55,110,85,62.413697581713
"Spinarak",2,"Bug",40,60,40,40,40,30,54.2913704110764
"Ariados",2,"Bug",70,90,70,60,70,40,65.1211399719253
"Crobat",2,"Poison",85,90,80,70,80,130,68.8981383131759
"Chinchou",2,"Water",75,38,38,56,56,67,58.5404736376405
"Lanturn",2,"Water",125,58,58,76,76,67,65.2073489171029
"Pichu",2,"Electric",20,40,15,35,35,60,79.0039287298986
"Cleffa",2,"Fairy",50,25,28,45,55,15,28.0866857646355
"Igglybuff",2,"Normal",90,30,15,40,20,15,65.2798472517013
"Togepi",2,"Fairy",35,20,65,40,65,20,24.6234266523079
"Togetic",2,"Fairy",55,40,85,80,105,40,52.3294995509283
"Natu",2,"Psychic",40,50,45,70,45,70,65.7963166768237
"Xatu",2,"Psychic",65,75,70,95,70,95,78.8553407314649
"Mareep",2,"Electric",55,40,40,65,45,35,83.6180392150274
"Flaaffy",2,"Electric",70,55,55,80,60,45,85.9250944575918
"Ampharos",2,"Electric",90,75,85,115,90,55,91.3082233569087
"Mega Ampharos",2,"Electric",90,95,105,165,110,45,98.99840749879
"Bellossom",2,"Grass",75,80,95,90,100,50,66.2786048049149
"Marill",2,"Water",70,20,50,20,50,40,46.5400981346082
"Azumarill",2,"Water",100,50,80,60,80,50,59.873848693533
"Sudowoodo",2,"Rock",70,100,115,30,65,30,38.7380699436391
"Politoed",2,"Water",90,75,75,90,100,70,69.8741616127266
"Hoppip",2,"Grass",35,35,40,35,55,50,44.1926826223276
"Skiploom",2,"Grass",55,45,50,45,65,80,48.2083048373435
"Jumpluff",2,"Grass",75,55,70,55,95,110,52.2239270523593
"Aipom",2,"Normal",55,70,55,40,55,85,65.2798472517013
"Sunkern",2,"Grass",30,30,30,30,30,30,42.1848715148197
"Sunflora",2,"Grass",75,75,55,105,85,30,72.3020381274387
"Yanma",2,"Bug",65,65,45,75,45,95,73.2434671425619
"Wooper",2,"Water",55,45,45,25,25,15,48.2068169544738
"Quagsire",2,"Water",95,85,85,65,65,35,61.5405675133986
"Espeon",2,"Psychic",65,65,60,130,95,110,97.1379744079624
"Umbreon",2,"Dark",95,65,110,60,130,65,71.7053823630792
"Murkrow",2,"Dark",60,85,42,85,42,91,81.7170736855936
"Slowking",2,"Water",95,75,80,100,110,30,73.2075992524578
"Misdreavus",2,"Ghost",60,60,60,85,85,85,66.1468018491872
"Unown",2,"Psychic",48,72,48,72,48,48,66.841038601195
"Wobbuffet",2,"Psychic",190,33,58,33,58,33,46.4689610759549
"Girafarig",2,"Normal",70,80,65,90,65,85,80.6529916388642
"Pineco",2,"Bug",50,65,90,35,35,15,51.5839280208642
"Forretress",2,"Bug",75,90,140,60,60,40,65.1211399719253
"Dunsparce",2,"Normal",100,70,70,65,65,45,72.9664194452828
"Gligar",2,"Ground",65,75,105,35,65,85,56.8165340230802
"Steelix",2,"Steel",75,85,200,55,65,30,46.714327852572
"Mega Steelix",2,"Steel",75,125,230,55,95,30,46.714327852572
"Snubbull",2,"Fairy",60,80,50,40,40,30,24.6234266523079
"Granbull",2,"Fairy",90,120,75,60,60,45,38.4764631016181
"Qwilfish",2,"Water",65,95,85,55,55,85,58.2071298736674
"Scizor",2,"Bug",70,130,100,55,80,65,62.413697581713
"Mega Scizor",2,"Bug",70,150,140,65,100,75,67.8285823621375
"Shuckle",2,"Bug",20,10,230,10,230,5,38.0467160698031
"Heracross",2,"Bug",80,125,75,40,95,85,54.2913704110764
"Mega Heracross",2,"Bug",80,185,115,40,105,75,54.2913704110764
"Sneasel",2,"Dark",55,95,55,35,75,115,61.6936910405648
"Teddiursa",2,"Normal",60,80,50,50,50,40,68.3544761291339
"Ursaring",2,"Normal",90,130,75,75,75,55,76.0410483227153
"Slugma",2,"Fire",40,40,40,70,40,20,69.6334785823474
"Magcargo",2,"Fire",60,50,120,90,80,30,74.3537071166627
"Swinub",2,"Ice",50,50,40,30,30,50,43.7262970805205
"Piloswine",2,"Ice",100,100,80,60,60,50,58.326053148223
"Corsola",2,"Water",65,55,95,65,95,35,61.5405675133986
"Remoraid",2,"Water",35,65,35,65,35,65,61.5405675133986
"Octillery",2,"Water",75,105,75,105,75,45,74.8743180723234
"Delibird",2,"Ice",45,55,45,65,45,75,60.7593458261734
"Mantine",2,"Water",85,40,70,80,140,70,66.5407239729954
"Skarmory",2,"Steel",65,80,140,40,70,70,39.3802015381973
"Houndour",2,"Dark",45,60,30,80,50,65,79.7147354210908
"Houndoom",2,"Dark",75,90,50,110,80,95,91.7287650081081
"Mega Houndoom",2,"Dark",75,90,90,140,90,115,103.742794595125
"Kingdra",2,"Water",75,95,95,95,95,85,71.5408804325922
"Phanpy",2,"Ground",90,60,60,40,40,40,58.7264027059293
"Donphan",2,"Ground",90,120,120,60,60,50,66.3658774373261
"Porygon2",2,"Normal",85,80,90,105,95,60,85.2649349550131
"Stantler",2,"Normal",73,95,62,85,65,85,79.1156772001479
"Smeargle",2,"Normal",55,20,35,20,45,75,59.1305894968361
"Tyrogue",2,"Fighting",35,35,35,35,35,35,57.6928837110228
"Hitmontop",2,"Fighting",50,95,95,35,110,70,57.6928837110228
"Smoochum",2,"Ice",45,30,15,85,65,65,70.4925165379751
"Elekid",2,"Electric",45,63,37,65,55,95,83.6180392150274
"Magby",2,"Fire",45,75,37,70,55,83,69.6334785823474
"Miltank",2,"Normal",95,80,105,40,70,100,65.2798472517013
"Blissey",2,"Normal",255,10,10,75,135,55,76.0410483227153
"Raikou",2,"Electric",90,85,75,115,100,115,91.3082233569087
"Entei",2,"Fire",115,115,85,90,75,100,74.3537071166627
"Suicune",2,"Water",100,75,115,90,115,85,69.8741616127266
"Larvitar",2,"Rock",50,64,50,45,50,41,49.3837342107725
"Pupitar",2,"Rock",70,84,70,65,70,51,63.577953233617
"Tyranitar",2,"Rock",100,134,110,95,100,61,84.8692817678837
"Mega Tyranitar",2,"Rock",100,164,150,95,120,71,84.8692817678837
"Lugia",2,"Psychic",106,90,130,90,154,110,76.2435359205366
"Ho-Oh",2,"Fire",106,130,90,110,154,90,79.0739356509781
"Celebi",2,"Psychic",100,100,100,100,100,100,81.4671455423931
"Treecko",3,"Grass",40,45,35,65,55,70,56.2395492673752
"Grovyle",3,"Grass",50,65,45,85,65,95,64.270793697407
"Sceptile",3,"Grass",70,85,65,105,85,120,72.3020381274387
"Mega Sceptile",3,"Grass",70,110,75,145,85,145,88.3645269875022
"Torchic",3,"Fire",45,60,40,70,50,45,69.6334785823474
"Combusken",3,"Fire",60,85,60,85,60,55,73.1736499830839
"Blaziken",3,"Fire",80,120,70,110,70,80,79.0739356509781
"Mega Blaziken",3,"Fire",80,160,80,130,80,100,83.7941641852935
"Mudkip",3,"Water",50,70,50,50,50,40,56.5404110538018
"Marshtomp",3,"Water",70,85,70,60,70,50,59.873848693533
"Swampert",3,"Water",100,110,90,85,90,60,68.207442792861
"Mega Swampert",3,"Water",100,150,110,95,110,70,71.5408804325922
"Poochyena",3,"Dark",35,55,35,30,30,35,59.6913527760619
"Mightyena",3,"Dark",70,90,70,60,60,70,71.7053823630792
"Zigzagoon",3,"Normal",38,30,41,30,41,60,62.2052183742687
"Linoone",3,"Normal",78,70,61,50,61,100,68.3544761291339
"Wurmple",3,"Bug",45,45,35,20,30,20,43.4616008502275
"Silcoon",3,"Bug",50,35,55,25,25,15,46.1690432404397
"Beautifly",3,"Bug",60,70,50,100,50,65,86.780679093623
"Cascoon",3,"Bug",50,35,55,25,25,15,46.1690432404397
"Dustox",3,"Bug",60,50,70,50,90,65,59.7062551915008
"Lotad",3,"Water",40,30,30,40,50,30,53.2069734140706
"Lombre",3,"Water",60,50,50,60,70,50,59.873848693533
"Ludicolo",3,"Water",80,70,70,90,100,70,69.8741616127266
"Seedot",3,"Grass",40,40,50,30,30,30,42.1848715148197
"Nuzleaf",3,"Grass",70,70,40,60,40,60,54.2317381598673
"Shiftry",3,"Grass",90,100,60,90,60,80,66.2786048049149
"Taillow",3,"Normal",40,55,30,30,30,85,62.2052183742687
"Swellow",3,"Normal",60,85,60,75,50,125,76.0410483227153
"Wingull",3,"Water",40,30,30,55,30,85,58.2071298736674
"Pelipper",3,"Water",60,50,100,95,70,65,71.5408804325922
"Ralts",3,"Psychic",28,25,25,45,35,40,52.7372926221826
"Kirlia",3,"Psychic",38,35,35,65,55,50,63.1845118658955
"Gardevoir",3,"Psychic",68,65,65,125,115,80,94.5261695970342
"Mega Gardevoir",3,"Psychic",68,85,65,165,135,100,115.42060808446
"Surskit",3,"Bug",40,30,32,50,52,65,59.7062551915008
"Masquerain",3,"Bug",70,60,62,100,82,80,86.780679093623
"Shroomish",3,"Grass",60,40,60,40,60,35,46.2004937298355
"Breloom",3,"Grass",60,130,80,60,60,70,54.2317381598673
"Slakoth",3,"Normal",60,60,60,35,35,30,63.742532812985
"Vigoroth",3,"Normal",80,80,80,55,55,90,69.8917905678502
"Slaking",3,"Normal",150,160,100,95,65,100,82.1903060775805
"Nincada",3,"Bug",31,45,90,30,30,40,48.8764856306519
"Ninjask",3,"Bug",61,90,45,50,50,160,59.7062551915008
"Shedinja",3,"Bug",1,90,45,30,30,40,48.8764856306519
"Whismur",3,"Normal",64,51,23,51,23,28,68.6619390168771
"Loudred",3,"Normal",84,71,43,71,43,48,74.8111967717423
"Exploud",3,"Normal",104,91,63,91,73,68,80.9604545266075
"Makuhita",3,"Fighting",72,60,30,20,30,25,48.6402611873046
"Hariyama",3,"Fighting",144,120,60,40,60,50,60.7104245522622
"Azurill",3,"Normal",50,20,40,20,40,20,59.1305894968361
"Nosepass",3,"Rock",30,45,135,45,90,30,49.3837342107725
"Skitty",3,"Normal",50,45,45,35,35,50,63.742532812985
"Delcatty",3,"Normal",70,65,65,55,55,90,69.8917905678502
"Sableye",3,"Dark",50,75,75,65,65,50,73.7077206275821
"Mega Sableye",3,"Dark",50,85,125,85,115,20,81.7170736855936
"Mawile",3,"Steel",50,85,85,55,55,50,46.714327852572
"Mega Mawile",3,"Steel",50,105,125,55,95,50,46.714327852572
"Aron",3,"Steel",50,70,100,40,40,30,39.3802015381973
"Lairon",3,"Steel",60,90,140,50,50,40,44.2696190811138
"Aggron",3,"Steel",70,110,180,60,60,50,49.1590366240303
"Mega Aggron",3,"Steel",70,140,230,60,80,50,49.1590366240303
"Meditite",3,"Fighting",30,40,55,40,55,60,60.7104245522622
"Medicham",3,"Fighting",60,60,75,60,75,80,72.7805879172198
"Mega Medicham",3,"Fighting",60,100,85,80,85,100,84.8507512821774
"Electrike",3,"Electric",40,45,40,65,40,65,83.6180392150274
"Manectric",3,"Electric",70,75,60,105,60,105,89.7701865285324
"Mega Manectric",3,"Electric",70,75,80,135,80,135,94.3842970136612
"Plusle",3,"Electric",60,50,40,85,75,95,86.6941128717799
"Minun",3,"Electric",60,40,50,75,85,95,85.1560760434036
"Volbeat",3,"Bug",65,73,75,47,85,85,58.0817897573735
"Illumise",3,"Bug",65,47,75,73,85,85,72.160490186477
"Roselia",3,"Grass",50,60,45,100,80,65,70.2942270199308
"Gulpin",3,"Poison",70,43,53,43,53,40,51.5594018217193
"Swalot",3,"Poison",100,73,83,73,83,55,70.8246645900045
"Carvanha",3,"Water",45,90,20,65,20,65,61.5405675133986
"Sharpedo",3,"Water",70,120,40,95,40,95,71.5408804325922
"Mega Sharpedo",3,"Water",70,140,70,110,65,105,76.541036892189
"Wailmer",3,"Water",130,70,35,70,35,60,63.2072863332642
"Wailord",3,"Water",170,90,45,90,45,60,69.8741616127266
"Numel",3,"Fire",60,60,40,65,45,35,68.4534214487685
"Camerupt",3,"Fire",70,100,70,105,75,40,77.8938785173993
"Mega Camerupt",3,"Fire",70,120,100,145,105,20,87.33433558603
"Torkoal",3,"Fire",70,85,140,85,70,20,73.1736499830839
"Spoink",3,"Psychic",60,25,35,70,80,60,65.7963166768237
"Grumpig",3,"Psychic",80,45,65,90,110,80,76.2435359205366
"Spinda",3,"Normal",60,60,60,60,60,60,71.4291050065665
"Trapinch",3,"Ground",45,100,45,45,45,10,60.6362713887785
"Vibrava",3,"Ground",50,70,50,50,50,70,62.5461400716277
"Flygon",3,"Ground",80,100,80,80,80,100,74.0053521687228
"Cacnea",3,"Grass",50,85,40,85,40,35,64.270793697407
"Cacturne",3,"Grass",70,115,60,115,60,55,76.3176603424546
"Swablu",3,"Normal",45,40,60,40,75,50,65.2798472517013
"Altaria",3,"Dragon",75,70,90,70,105,80,72.8677670049898
"Mega Altaria",3,"Dragon",75,110,110,110,105,80,89.2118598093701
"Zangoose",3,"Normal",73,115,60,60,60,90,71.4291050065665
"Seviper",3,"Poison",73,100,60,100,60,65,88.1634010814611
"Lunatone",3,"Rock",90,55,65,95,85,70,84.8692817678837
"Solrock",3,"Rock",90,95,85,55,65,70,56.4808437221947
"Barboach",3,"Water",50,48,43,46,41,60,55.2070359979093
"Whiscash",3,"Water",110,78,73,76,71,60,65.2073489171029
"Corphish",3,"Water",43,80,65,50,35,35,56.5404110538018
"Crawdaunt",3,"Water",63,120,85,90,55,55,69.8741616127266
"Baltoy",3,"Ground",40,40,55,40,70,55,58.7264027059293
"Claydol",3,"Ground",60,70,105,70,120,75,70.1856148030244
"Lileep",3,"Rock",66,41,77,61,87,23,60.7391094290481
"Cradily",3,"Rock",86,81,97,81,107,43,74.9333284518925
"Anorith",3,"Rock",45,95,50,40,50,75,45.8351794550614
"Armaldo",3,"Rock",75,125,100,70,80,45,67.1265079893281
"Feebas",3,"Water",20,15,20,10,55,80,43.206660494877
"Milotic",3,"Water",95,60,79,100,125,81,73.2075992524578
"Castform",3,"Normal",70,70,70,70,70,70,74.503733883999
"Castform Sunny Form",3,"Normal",70,70,70,70,70,70,74.503733883999
"Castform Rainy Form",3,"Normal",70,70,70,70,70,70,74.503733883999
"Castform Snowy Form",3,"Normal",70,70,70,70,70,70,74.503733883999
"Kecleon",3,"Normal",60,90,70,60,120,40,71.4291050065665
"Shuppet",3,"Ghost",44,75,35,63,33,45,54.2285013282059
"Banette",3,"Ghost",64,115,65,83,63,65,65.0633199836434
"Mega Banette",3,"Ghost",64,165,75,93,83,75,70.4807293113622
"Duskull",3,"Ghost",20,40,90,30,90,25,36.351050546734
"Dusclops",3,"Ghost",40,70,130,60,130,25,52.6032785298903
"Tropius",3,"Grass",99,68,83,72,87,51,59.0504848178863
"Chimecho",3,"Psychic",75,50,80,95,90,65,78.8553407314649
"Absol",3,"Dark",65,130,60,75,60,75,77.7123971565879
"Mega Absol",3,"Dark",65,150,60,115,60,115,93.7311032726109
"Wynaut",3,"Psychic",95,23,48,23,48,23,41.2453514540984
"Snorunt",3,"Ice",50,50,50,50,50,50,53.4594677923222
"Glalie",3,"Ice",80,80,80,80,80,80,68.0592238600247
"Mega Glalie",3,"Ice",80,120,80,120,80,100,87.5255652836281
"Spheal",3,"Ice",70,40,50,55,50,25,55.8927604702726
"Sealeo",3,"Ice",90,60,70,75,70,45,65.6259311820743
"Walrein",3,"Ice",110,80,90,95,90,65,75.359101893876
"Clamperl",3,"Water",35,64,85,74,55,32,64.5406613891567
"Huntail",3,"Water",55,104,105,94,75,52,71.2075366686191
"Gorebyss",3,"Water",55,84,105,114,75,52,77.8744119480815
"Relicanth",3,"Water",100,90,130,45,65,55,54.8736922339362
"Luvdisc",3,"Water",43,30,55,40,65,97,53.2069734140706
"Bagon",3,"Dragon",45,75,60,40,30,50,60.6096974017046
"Shelgon",3,"Dragon",65,95,100,60,50,50,68.7817438038947
"Salamence",3,"Dragon",95,135,80,110,80,100,89.2118598093701
"Mega Salamence",3,"Dragon",95,145,130,120,90,120,93.2978830104651
"Beldum",3,"Steel",40,55,80,35,60,30,36.935492766739
"Metang",3,"Steel",60,75,100,55,80,50,46.714327852572
"Metagross",3,"Steel",80,135,130,95,90,70,66.2719980242381
"Mega Metagross",3,"Steel",80,145,150,105,110,110,71.1614155671546
"Regirock",3,"Rock",80,100,200,50,100,50,52.9322889664836
"Regice",3,"Ice",80,50,100,100,200,50,77.7923945718264
"Registeel",3,"Steel",80,75,150,75,150,50,56.4931629384051
"Latias",3,"Dragon",80,80,90,110,130,110,89.2118598093701
"Mega Latias",3,"Dragon",80,100,120,140,150,110,101.469929412655
"Latios",3,"Dragon",80,90,80,130,110,110,97.3839062115602
"Mega Latios",3,"Dragon",80,130,100,160,120,110,109.641975814845
"Kyogre",3,"Water",100,100,90,150,140,90,89.8747874511138
"Primal Kyogre",3,"Water",100,150,90,180,160,90,99.8751003703074
"Groudon",3,"Ground",100,150,140,100,90,90,81.6448269001195
"Primal Groudon",3,"Ground",100,180,160,150,90,90,100.743513728611
"Rayquaza",3,"Dragon",105,150,90,150,90,95,105.55595261375
"Mega Rayquaza",3,"Dragon",105,180,100,180,100,115,117.814022217036
"Jirachi",3,"Steel",100,100,100,100,100,100,68.7167067956964
"Deoxys",3,"Psychic",50,150,50,150,50,150,107.585193651675
"Deoxys Attack Form",3,"Psychic",50,180,20,180,20,150,123.256022517245
"Deoxys Defense Form",3,"Psychic",50,70,160,70,160,90,65.7963166768237
"Deoxys Speed Form",3,"Psychic",50,95,90,95,90,180,78.8553407314649
"Turtwig",4,"Grass",55,68,64,45,55,31,48.2083048373435
"Grotle",4,"Grass",75,89,85,55,65,36,52.2239270523593
"Torterra",4,"Grass",95,109,105,75,85,56,60.2551714823911
"Chimchar",4,"Fire",44,58,44,58,44,61,66.8013414617581
"Monferno",4,"Fire",64,78,52,78,52,81,71.5215699960735
"Infernape",4,"Fire",76,104,71,104,71,108,77.6578670906835
"Piplup",4,"Water",53,51,53,61,56,40,60.2071924575061
"Prinplup",4,"Water",64,66,68,81,76,50,66.8740677369685
"Empoleon",4,"Water",84,86,88,111,101,60,76.8743806561621
"Starly",4,"Normal",40,55,30,30,30,60,62.2052183742687
"Staravia",4,"Normal",55,75,50,40,40,80,65.2798472517013
"Staraptor",4,"Normal",85,120,70,50,60,100,68.3544761291339
"Bidoof",4,"Normal",59,45,40,35,40,31,63.742532812985
"Bibarel",4,"Normal",79,85,60,55,60,71,69.8917905678502
"Kricketot",4,"Bug",37,25,41,25,41,25,46.1690432404397
"Kricketune",4,"Bug",77,85,51,55,51,65,62.413697581713
"Shinx",4,"Electric",45,65,34,40,34,45,79.7729471440867
"Luxio",4,"Electric",60,85,49,60,49,60,82.8490208008392
"Luxray",4,"Electric",80,120,79,95,79,70,88.2321497001561
"Budew",4,"Grass",40,30,35,50,70,55,50.2161159448514
"Roserade",4,"Grass",60,70,65,125,105,90,80.3332825574704
"Cranidos",4,"Rock",67,125,40,30,30,58,38.7380699436391
"Rampardos",4,"Rock",97,165,60,65,50,58,63.577953233617
"Shieldon",4,"Rock",30,42,118,42,88,30,47.2546013573458
"Bastiodon",4,"Rock",60,52,168,47,138,30,50.8031561130569
"Burmy Plant Form",4,"Bug",40,29,45,29,45,36,48.3349971526095
"Burmy Sandy Form",4,"Bug",40,29,45,29,45,36,48.3349971526095
"Burmy Trash Form",4,"Bug",40,29,45,29,45,36,48.3349971526095
"Wormadam Plant Form",4,"Bug",60,59,85,79,105,36,75.4094210547317
"Wormadam Sandy Form",4,"Bug",60,79,105,59,85,36,64.5796514938828
"Wormadam Trash Form",4,"Bug",60,69,95,69,95,36,69.9945362743073
"Mothim",4,"Bug",70,94,50,94,50,66,83.5317482253683
"Combee",4,"Bug",30,30,42,30,42,70,48.8764856306519
"Vespiquen",4,"Bug",70,80,102,80,102,40,75.9509095327741
"Pachirisu",4,"Electric",60,45,70,45,90,95,80.5419655582748
"Buizel",4,"Water",55,65,35,60,30,85,59.873848693533
"Floatzel",4,"Water",85,105,55,85,50,115,68.207442792861
"Cherubi",4,"Grass",45,35,45,62,53,35,55.0348626028704
"Cherrim",4,"Grass",70,60,70,87,78,85,65.0739181404101
"Cherrim Sunshine Form",4,"Grass",70,60,70,87,78,85,65.0739181404101
"Shellos East-Sea Form",4,"Water",76,48,48,57,62,34,58.8738174016136
"Shellos West-Sea Form",4,"Water",76,48,48,57,62,34,58.8738174016136
"Gastrodon East-Sea Form",4,"Water",111,83,68,92,82,39,70.5408491406728
"Gastrodon West-Sea Form",4,"Water",111,83,68,92,82,39,70.5408491406728
"Ambipom",4,"Normal",75,100,66,60,66,115,71.4291050065665
"Drifloon",4,"Ghost",90,50,34,60,44,70,52.6032785298903
"Drifblim",4,"Ghost",150,80,44,90,54,80,68.8555065130465
"Buneary",4,"Normal",55,66,44,44,56,85,66.5096988026743
"Lopunny",4,"Normal",65,76,84,54,96,105,69.5843276801069
"Mega Lopunny",4,"Normal",65,136,94,54,96,135,69.5843276801069
"Mismagius",4,"Ghost",60,60,60,105,105,105,76.9816205046247
"Honchkrow",4,"Dark",100,125,52,105,52,71,89.7264267436052
"Glameow",4,"Normal",49,55,42,42,37,85,65.8947730271878
"Purugly",4,"Normal",71,82,64,64,59,112,72.6589565575395
"Chingling",4,"Psychic",45,30,50,65,50,45,63.1845118658955
"Stunky",4,"Poison",63,63,47,41,41,74,50.2750509705003
"Skuntank",4,"Poison",103,93,67,71,61,84,69.5403137387855
"Bronzor",4,"Steel",57,24,86,24,86,23,31.5571334695308
"Bronzong",4,"Steel",67,89,116,79,116,33,58.4489299555717
"Bonsly",4,"Rock",50,80,95,10,45,10,24.5438509207947
"Mime Jr.",4,"Psychic",20,25,45,70,90,60,65.7963166768237
"Happiny",4,"Normal",100,5,5,15,65,30,57.5932750581198
"Chatot",4,"Normal",76,65,45,92,42,91,81.2679174143507
"Spiritomb",4,"Ghost",50,92,108,92,108,35,69.9389883785903
"Gible",4,"Dragon",58,70,45,40,45,42,60.6096974017046
"Gabite",4,"Dragon",68,90,65,50,55,82,64.6957206027996
"Garchomp",4,"Dragon",108,130,95,80,85,102,76.9537902060849
"Mega Garchomp",4,"Dragon",108,170,115,120,95,92,93.2978830104651
"Munchlax",4,"Normal",135,85,40,40,85,5,65.2798472517013
"Riolu",4,"Fighting",40,70,40,35,40,60,57.6928837110228
"Lucario",4,"Fighting",70,110,70,115,70,90,105.973537170853
"Mega Lucario",4,"Fighting",70,145,88,140,70,112,121.06124137705
"Hippopotas",4,"Ground",68,72,78,38,42,32,57.9624552327897
"Hippowdon",4,"Ground",108,112,118,68,72,47,69.4216673298847
"Skorupi",4,"Poison",40,50,90,30,55,65,43.2111212887957
"Drapion",4,"Poison",70,90,110,60,75,95,62.4763840570809
"Croagunk",4,"Poison",48,61,40,61,40,50,63.1185594826904
"Toxicroak",4,"Poison",83,106,65,86,65,85,79.172945122928
"Carnivine",4,"Grass",74,100,72,90,72,46,66.2786048049149
"Finneon",4,"Water",49,49,56,49,61,66,56.2070672898287
"Lumineon",4,"Water",69,69,76,69,86,91,62.8739425692911
"Mantyke",4,"Water",45,20,50,60,120,50,59.873848693533
"Snover",4,"Grass",60,62,50,62,60,40,55.0348626028704
"Abomasnow",4,"Grass",90,92,75,92,85,60,67.0817292479181
"Mega Abomasnow",4,"Grass",90,132,105,132,105,30,83.1442181079815
"Weavile",4,"Dark",70,120,65,45,85,125,65.6983675695706
"Magnezone",4,"Electric",70,70,115,130,90,60,93.6152785994731
"Lickilicky",4,"Normal",110,85,95,80,95,50,77.5783627614316
"Rhyperior",4,"Ground",115,140,130,55,55,40,64.4560087544769
"Tangrowth",4,"Grass",100,100,125,110,50,50,74.3098492349466
"Electivire",4,"Electric",75,123,67,95,85,95,88.2321497001561
"Magmortar",4,"Fire",75,95,67,125,95,83,82.6141070517147
"Togekiss",4,"Fairy",85,50,95,120,115,80,80.0355724495487
"Yanmega",4,"Bug",86,76,86,116,56,95,95.4444947423021
"Leafeon",4,"Grass",65,110,130,60,65,95,54.2317381598673
"Glaceon",4,"Ice",65,60,110,130,95,65,92.3921506395289
"Gliscor",4,"Ground",75,95,125,45,75,95,60.6362713887785
"Mamoswine",4,"Ice",110,130,80,70,60,80,63.1926385041239
"Porygon-Z",4,"Normal",85,80,70,135,75,90,94.4888215873109
"Gallade",4,"Psychic",68,125,65,65,115,80,63.1845118658955
"Mega Gallade",4,"Psychic",68,165,95,65,115,110,63.1845118658955
"Probopass",4,"Rock",60,55,145,75,150,40,70.6750627450392
"Dusknoir",4,"Ghost",45,100,135,65,135,45,55.3119831937496
"Froslass",4,"Ice",70,80,70,80,70,110,68.0592238600247
"Rotom",4,"Electric",50,50,77,95,77,91,88.2321497001561
"Heat Rotom",4,"Electric",50,65,107,105,107,86,89.7701865285324
"Wash Rotom",4,"Electric",50,65,107,105,107,86,89.7701865285324
"Frost Rotom",4,"Electric",50,65,107,105,107,86,89.7701865285324
"Fan Rotom",4,"Electric",50,65,107,105,107,86,89.7701865285324
"Mow Rotom",4,"Electric",50,65,107,105,107,86,89.7701865285324
"Uxie",4,"Psychic",75,75,130,75,130,95,68.408121487752
"Mesprit",4,"Psychic",80,105,105,105,105,80,84.0789503533213
"Azelf",4,"Psychic",75,125,70,125,70,115,94.5261695970342
"Dialga",4,"Steel",100,120,120,150,100,90,93.163794510279
"Dialga Origin Form",4,"Steel",100,100,120,150,120,90,93.163794510279
"Palkia",4,"Water",90,120,100,150,120,100,89.8747874511138
"Palkia Origin Form",4,"Water",90,100,100,150,120,120,89.8747874511138
"Heatran",4,"Fire",91,90,106,130,106,77,83.7941641852935
"Regigigas",4,"Normal",110,160,110,80,110,100,77.5783627614316
"Giratina",4,"Ghost",150,100,120,100,120,90,74.2729158407653
"Giratina Origin Form",4,"Ghost",150,120,100,120,100,90,85.1077344962028
"Cresselia",4,"Psychic",120,70,110,75,120,85,68.408121487752
"Phione",4,"Water",80,80,80,80,80,80,66.5407239729954
"Manaphy",4,"Water",100,100,100,100,100,100,73.2075992524578
"Darkrai",4,"Dark",70,90,90,135,90,125,101.740456330622
"Shaymin Land Form",4,"Grass",100,100,100,100,100,100,70.2942270199308
"Shaymin Sky Form",4,"Grass",100,103,75,120,75,127,78.3254714499625
"Arceus",4,"Normal",120,120,120,120,120,120,89.876878271162
"Victini",5,"Psychic",100,100,100,100,100,100,81.4671455423931
"Snivy",5,"Grass",45,45,55,45,55,63,48.2083048373435
"Servine",5,"Grass",60,60,75,60,75,83,54.2317381598673
"Serperior",5,"Grass",75,75,95,75,95,113,60.2551714823911
"Tepig",5,"Fire",65,63,45,45,45,45,63.7331929144531
"Pignite",5,"Fire",90,93,55,70,55,55,69.6334785823474
"Emboar",5,"Fire",110,123,65,100,65,65,76.7138213838204
"Oshawott",5,"Water",55,55,45,63,45,45,60.8738799854524
"Dewott",5,"Water",75,75,60,83,60,60,67.5407552649148
"Samurott",5,"Water",95,100,85,108,70,70,75.8743493642428
"Patrat",5,"Normal",45,55,39,35,39,42,63.742532812985
"Watchog",5,"Normal",60,85,69,60,69,77,71.4291050065665
"Lillipup",5,"Normal",45,60,45,25,45,55,60.6679039355524
"Herdier",5,"Normal",65,80,65,35,65,60,63.742532812985
"Stoutland",5,"Normal",85,110,90,45,90,80,66.8171616904176
"Purrloin",5,"Dark",41,50,37,50,37,66,67.7007058340735
"Liepard",5,"Dark",64,88,50,88,50,106,82.9184766442954
"Pansage",5,"Grass",50,53,48,53,48,64,51.4208026093562
"Simisage",5,"Grass",75,98,63,98,63,101,69.4911025769276
"Pansear",5,"Fire",50,53,48,53,48,64,65.6212843281793
"Simisear",5,"Fire",75,98,63,98,63,101,76.2417985303889
"Panpour",5,"Water",50,53,48,53,48,64,57.5404423457212
"Simipour",5,"Water",75,98,63,98,63,101,72.5409117245116
"Munna",5,"Psychic",76,25,45,67,55,24,64.2292337902668
"Musharna",5,"Psychic",116,55,85,107,95,29,85.1236722776926
"Pidove",5,"Normal",50,55,50,36,30,43,64.0499957007283
"Tranquill",5,"Normal",62,77,62,50,42,65,68.3544761291339
"Unfezant",5,"Normal",80,115,80,65,55,93,72.9664194452828
"Blitzle",5,"Electric",45,60,32,50,32,76,81.310983972463
"Zebstrika",5,"Electric",75,100,63,80,63,116,85.9250944575918
"Roggenrola",5,"Rock",55,75,85,25,25,15,35.189515187928
"Boldore",5,"Rock",70,105,105,50,40,20,52.9322889664836
"Gigalith",5,"Rock",85,135,130,60,80,25,60.0293984779058
"Woobat",5,"Psychic",65,45,43,55,43,72,57.9609022440391
"Swoobat",5,"Psychic",67,57,55,77,55,114,69.4528434121233
"Drilbur",5,"Ground",60,85,40,30,45,68,54.906665340231
"Excadrill",5,"Ground",110,135,60,50,65,88,62.5461400716277
"Audino",5,"Normal",103,60,86,60,86,50,71.4291050065665
"Mega Audino",5,"Normal",103,60,126,80,126,50,77.5783627614316
"Timburr",5,"Fighting",75,80,55,25,35,35,51.657802028544
"Gurdurr",5,"Fighting",85,105,85,40,50,40,60.7104245522622
"Conkeldurr",5,"Fighting",105,140,95,55,65,45,69.7630470759804
"Tympole",5,"Water",50,50,40,50,40,64,56.5404110538018
"Palpitoad",5,"Water",75,65,55,65,55,69,61.5405675133986
"Seismitoad",5,"Water",105,95,75,85,75,74,68.207442792861
"Throh",5,"Fighting",120,100,85,30,85,45,54.6753428697834
"Sawk",5,"Fighting",75,125,75,30,75,85,54.6753428697834
"Sewaddle",5,"Bug",45,53,70,40,60,42,54.2913704110764
"Swadloon",5,"Bug",55,63,90,50,80,42,59.7062551915008
"Leavanny",5,"Bug",75,103,80,70,80,92,70.5360247523497
"Venipede",5,"Bug",30,45,59,30,39,57,48.8764856306519
"Whirlipede",5,"Bug",40,55,99,40,79,47,54.2913704110764
"Scolipede",5,"Bug",60,100,89,55,69,112,62.413697581713
"Cottonee",5,"Grass",40,27,60,37,50,66,44.9958070653308
"Whimsicott",5,"Grass",60,67,85,77,75,116,61.0582959253943
"Petilil",5,"Grass",45,35,50,70,50,30,58.2473603748831
"Lilligant",5,"Grass",70,60,75,110,75,90,74.3098492349466
"Basculin Red Stripe",5,"Water",70,92,65,80,55,98,66.5407239729954
"Basculin Blue Stripe",5,"Water",70,92,65,80,55,98,66.5407239729954
"Sandile",5,"Ground",50,72,35,35,35,65,56.8165340230802
"Krokorok",5,"Ground",60,82,45,45,45,74,60.6362713887785
"Krookodile",5,"Ground",95,117,80,65,70,92,68.2757461201752
"Darumaka",5,"Fire",70,90,45,15,45,50,56.65285011298
"Darmanitan",5,"Fire",105,140,55,30,55,95,60.1930215137166
"Darmanitan Zen-Mode",5,"Fire",105,30,105,140,105,55,86.1542784524512
"Maractus",5,"Grass",75,86,67,106,67,60,72.7036003489403
"Dwebble",5,"Bug",50,65,85,35,35,55,51.5839280208642
"Crustle",5,"Bug",70,105,125,65,75,45,67.8285823621375
"Scraggy",5,"Dark",50,75,70,35,70,48,61.6936910405648
"Scrafty",5,"Dark",65,90,115,45,115,58,65.6983675695706
"Sigilyph",5,"Psychic",72,58,80,103,80,97,83.03422842895
"Yamask",5,"Ghost",38,30,85,55,65,30,49.8945738660309
"Cofagrigus",5,"Ghost",58,50,145,95,105,30,71.5642111769059
"Tirtouga",5,"Water",54,78,103,53,45,22,57.5404423457212
"Carracosta",5,"Water",74,108,133,83,65,32,67.5407552649148
"Archen",5,"Rock",55,112,45,74,45,70,69.965351793897
"Archeops",5,"Rock",75,140,65,112,65,110,96.9343679373015
"Trubbish",5,"Poison",50,50,62,40,62,65,49.6328755448908
"Garbodor",5,"Poison",80,95,82,60,82,75,62.4763840570809
"Zorua",5,"Dark",40,65,40,80,40,65,79.7147354210908
"Zoroark",5,"Dark",60,105,60,120,60,105,95.7334415371138
"Minccino",5,"Normal",55,50,40,40,40,75,65.2798472517013
"Cinccino",5,"Normal",75,95,60,65,60,115,72.9664194452828
"Gothita",5,"Psychic",45,30,50,55,65,45,57.9609022440391
"Gothorita",5,"Psychic",60,45,70,75,85,55,68.408121487752
"Gothitelle",5,"Psychic",70,55,95,95,110,65,78.8553407314649
"Solosis",5,"Psychic",45,30,40,105,50,20,84.0789503533213
"Duosion",5,"Psychic",65,40,50,125,60,30,94.5261695970342
"Reuniclus",5,"Psychic",110,65,75,125,85,30,94.5261695970342
"Ducklett",5,"Water",62,44,50,44,50,55,54.5403484699631
"Swanna",5,"Water",75,87,63,87,63,98,68.8741303208072
"Vanillite",5,"Ice",36,50,50,65,60,44,60.7593458261734
"Vanillish",5,"Ice",51,65,65,80,75,59,68.0592238600247
"Vanilluxe",5,"Ice",71,95,85,110,95,79,82.6589799277272
"Deerling Spring Form",5,"Normal",60,60,50,40,50,75,65.2798472517013
"Deerling Summer Form",5,"Normal",60,60,50,40,50,75,65.2798472517013
"Deerling Autumn Form",5,"Normal",60,60,50,40,50,75,65.2798472517013
"Deerling Winter Form",5,"Normal",60,60,50,40,50,75,65.2798472517013
"Sawsbuck",5,"Normal",80,100,70,60,70,95,71.4291050065665
"Emolga",5,"Electric",55,75,60,75,60,103,85.1560760434036
"Karrablast",5,"Bug",50,75,45,40,45,60,54.2913704110764
"Escavalier",5,"Bug",70,135,105,60,105,20,65.1211399719253
"Foongus",5,"Grass",69,55,45,55,55,15,52.2239270523593
"Amoonguss",5,"Grass",114,85,70,85,80,30,64.270793697407
"Frillish",5,"Water",55,40,50,65,85,40,61.5405675133986
"Jellicent",5,"Water",100,60,70,85,105,60,68.207442792861
"Alomomola",5,"Water",165,75,80,40,45,65,53.2069734140706
"Joltik",5,"Bug",50,47,50,57,50,65,63.4966745377979
"Galvantula",5,"Bug",70,77,60,97,60,108,85.1562136594957
"Ferroseed",5,"Grass",44,50,91,24,86,10,39.7754981858101
"Ferrothorn",5,"Grass",74,94,131,54,116,20,51.8223648308577
"Klink",5,"Steel",40,55,70,45,60,30,41.8249103096555
"Klang",5,"Steel",60,80,95,70,85,50,54.0484541669468
"Klinklang",5,"Steel",60,100,115,70,85,90,54.0484541669468
"Tynamo",5,"Electric",35,55,40,45,40,60,80.5419655582748
"Eelektrik",5,"Electric",65,85,70,75,70,40,85.1560760434036
"Eelektross",5,"Electric",85,115,80,105,80,50,89.7701865285324
"Elgyem",5,"Psychic",55,55,55,85,55,30,73.6317311096084
"Beheeyem",5,"Psychic",75,75,75,125,95,40,94.5261695970342
"Litwick",5,"Ghost",50,30,55,65,55,20,55.3119831937496
"Lampent",5,"Ghost",60,40,60,95,60,55,71.5642111769059
"Chandelure",5,"Ghost",60,55,90,145,90,80,98.6512578154997
"Axew",5,"Dragon",46,87,60,30,40,57,56.5236742006095
"Fraxure",5,"Dragon",66,117,70,40,50,67,60.6096974017046
"Haxorus",5,"Dragon",76,147,90,60,70,97,68.7817438038947
"Cubchoo",5,"Ice",55,70,40,60,40,40,58.326053148223
"Beartic",5,"Ice",95,130,80,70,80,50,63.1926385041239
"Cryogonal",5,"Ice",80,50,50,95,135,105,75.359101893876
"Shelmet",5,"Bug",50,40,85,40,65,25,54.2913704110764
"Accelgor",5,"Bug",80,70,40,100,60,145,86.780679093623
"Stunfisk",5,"Ground",109,66,84,81,99,32,74.3873259052926
"Mienfoo",5,"Fighting",45,85,50,55,50,65,69.7630470759804
"Mienshao",5,"Fighting",65,125,60,95,60,105,93.9033738058956
"Druddigon",5,"Dragon",77,120,90,60,90,48,68.7817438038947
"Golett",5,"Ground",59,74,50,35,50,35,56.8165340230802
"Golurk",5,"Ground",89,124,80,55,80,55,64.4560087544769
"Pawniard",5,"Dark",45,85,70,40,40,60,63.6960293050677
"Bisharp",5,"Dark",65,125,100,60,70,70,71.7053823630792
"Bouffalant",5,"Normal",95,110,95,40,95,55,65.2798472517013
"Rufflet",5,"Normal",70,83,50,37,50,60,64.3574585884715
"Braviary",5,"Normal",100,123,75,57,75,80,70.5067163433367
"Vullaby",5,"Dark",70,55,75,45,65,60,65.6983675695706
"Mandibuzz",5,"Dark",110,65,105,55,95,80,69.7030440985763
"Heatmor",5,"Fire",85,97,66,105,66,65,77.8938785173993
"Durant",5,"Bug",58,109,112,48,48,109,58.6232782354159
"Deino",5,"Dark",52,65,50,45,50,38,65.6983675695706
"Zweilous",5,"Dark",72,85,70,65,70,58,73.7077206275821
"Hydreigon",5,"Dark",92,105,90,125,90,98,97.7357798016167
"Larvesta",5,"Bug",55,85,55,50,55,60,59.7062551915008
"Volcarona",5,"Bug",85,60,65,135,105,100,105.732775825109
"Cobalion",5,"Steel",91,90,129,90,72,108,63.8272892527799
"Terrakion",5,"Rock",91,129,90,72,90,108,68.5459298916125
"Virizion",5,"Grass",91,90,72,90,129,108,66.2786048049149
"Tornadus Incarnate Form",5,"Flying",79,115,70,125,80,111,127.499345143724
"Tornadus Therian Form",5,"Flying",79,100,80,110,90,121,115.30454263459
"Thundurus Incarnate Form",5,"Electric",79,115,70,125,80,111,92.846260185285
"Thundurus Therian Form",5,"Electric",79,105,70,145,80,101,95.9223338420374
"Reshiram",5,"Dragon",100,120,100,150,120,90,105.55595261375
"Zekrom",5,"Dragon",100,150,120,120,100,90,93.2978830104651
"Landorus Incarnate Form",5,"Ground",89,125,90,115,80,101,87.374432948667
"Landorus Therian Form",5,"Ground",89,145,90,105,80,91,83.5546955829687
"Kyurem",5,"Dragon",125,130,90,130,90,95,97.3839062115602
"White Kyurem",5,"Dragon",125,120,90,170,100,95,113.727999015941
"Black Kyurem",5,"Dragon",125,170,100,120,90,95,93.2978830104651
"Keldeo Ordinary Form",5,"Water",91,72,90,129,90,108,82.8745684076783
"Keldeo Resolute Form",5,"Water",91,72,90,129,90,108,82.8745684076783
"Meloetta Aria Form",5,"Normal",100,77,77,128,128,90,92.336581373108
"Meloetta Pirouette Form",5,"Normal",100,128,90,77,77,128,76.6559740982019
"Genesect",5,"Bug",71,120,95,120,95,99,97.6104486544719
"Chespin",6,"Grass",56,61,65,48,45,38,49.4129915018482
"Quilladin",6,"Grass",61,78,95,56,58,57,52.6254892738609
"Chesnaught",6,"Grass",88,107,122,74,75,64,59.8536092608895
"Fennekin",6,"Fire",40,45,40,62,60,60,67.7453871686212
"Braixen",6,"Fire",59,59,58,90,70,73,74.3537071166627
"Delphox",6,"Fire",75,69,72,114,100,104,80.0179813578412
"Froakie",6,"Water",41,56,40,62,44,71,60.5405362214792
"Frogadier",6,"Water",54,63,52,83,56,97,67.5407552649148
"Greninja",6,"Water",72,95,67,103,71,122,74.2076305443772
"Ash Greninja",6,"Water",72,145,67,153,71,132,90.8748187430332
"Bunnelby",6,"Normal",38,36,38,32,36,57,62.8201441497552
"Diggersby",6,"Normal",85,56,77,50,77,78,68.3544761291339
"Fletchling",6,"Normal",45,50,43,40,38,62,65.2798472517013
"Fletchinder",6,"Fire",62,73,55,56,52,84,66.3293186083266
"Talonflame",6,"Fire",78,81,71,74,69,126,70.5775242892104
"Scatterbug",6,"Bug",38,35,40,27,25,35,47.2520201965246
"Spewpa",6,"Bug",45,22,60,27,30,29,47.2520201965246
"Vivillon",6,"Bug",80,52,50,90,50,89,81.3657943131986
"Litleo",6,"Fire",62,50,58,73,54,72,70.3415128624947
"Pyroar",6,"Fire",86,68,72,109,66,106,78.8379242242624
"Flabebe",6,"Fairy",44,38,39,61,79,42,39.1691149240836
"Floette",6,"Fairy",54,45,47,75,98,52,48.8662404386008
"Florges",6,"Fairy",78,65,68,112,154,75,74.4943578698246
"Skiddo",6,"Grass",66,65,48,62,57,52,55.0348626028704
"Gogoat",6,"Grass",123,100,62,97,81,68,69.089540355426
"Pancham",6,"Fighting",67,82,62,46,48,43,64.3314735617495
"Pangoro",6,"Fighting",95,124,78,69,71,58,78.2121614314508
"Furfrou",6,"Normal",75,80,60,65,90,102,72.9664194452828
"Espurr",6,"Psychic",62,48,54,63,60,68,62.1397899415242
"Meowstic Male",6,"Psychic",74,48,76,83,81,104,72.5870091852371
"Meowstic Female",6,"Psychic",74,48,76,83,81,104,72.5870091852371
"Honedge",6,"Steel",45,80,100,35,37,28,36.935492766739
"Doublade",6,"Steel",59,110,150,45,49,35,41.8249103096555
"Aegislash Shield Form",6,"Steel",60,50,140,50,140,60,44.2696190811138
"Aegislash Blade Form",6,"Steel",60,140,50,140,50,60,88.2743769673625
"Spritzee",6,"Fairy",78,52,60,63,65,23,40.5544185690147
"Aromatisse",6,"Fairy",101,72,72,99,89,29,65.489884177773
"Swirlix",6,"Fairy",62,48,66,59,57,49,37.7838112791526
"Slurpuff",6,"Fairy",82,80,86,85,75,72,55.7927586632559
"Inkay",6,"Dark",53,54,53,37,46,45,62.494626346366
"Malamar",6,"Dark",86,92,88,68,75,73,74.9091235862838
"Binacle",6,"Rock",42,52,67,39,56,50,45.1254685039191
"Barbaracle",6,"Rock",72,105,115,54,86,68,55.7711327710525
"Skrelp",6,"Poison",50,60,60,60,60,30,62.4763840570809
"Dragalge",6,"Poison",65,75,90,97,123,44,86.2368748046326
"Clauncher",6,"Water",50,53,62,58,63,44,59.2071611655868
"Clawitzer",6,"Water",71,73,88,120,89,59,79.8744745319202
"Helioptile",6,"Electric",44,38,33,61,43,70,83.0028244836768
"Heliolisk",6,"Electric",62,55,52,109,94,109,90.3854012598829
"Tyrunt",6,"Rock",58,89,77,45,45,48,49.3837342107725
"Tyrantrum",6,"Rock",82,121,119,69,59,71,66.4167970381858
"Amaura",6,"Rock",77,59,50,67,63,46,64.9973751359014
"Aurorus",6,"Rock",123,77,72,99,92,58,87.7081255724526
"Sylveon",6,"Fairy",95,65,65,110,130,60,73.1090542248936
"Hawlucha",6,"Fighting",78,92,75,74,63,118,81.2297022726902
"Dedenne",6,"Electric",67,58,57,81,67,101,86.0788981404294
"Carbink",6,"Rock",50,50,150,50,150,50,52.9322889664836
"Goomy",6,"Dragon",45,50,35,55,75,40,66.7387322033472
"Sliggoo",6,"Dragon",68,75,53,83,113,60,78.1795971664134
"Goodra",6,"Dragon",90,100,70,110,150,80,89.2118598093701
"Klefki",6,"Steel",57,80,91,80,87,75,58.9378717098634
"Phantump",6,"Ghost",43,70,48,50,60,38,47.1858692021715
"Trevenant",6,"Ghost",85,110,76,65,82,56,55.3119831937496
"Pumpkaboo Small",6,"Ghost",49,66,70,44,55,51,43.9354236055403
"Pumpkaboo Average",6,"Ghost",44,66,70,44,55,56,43.9354236055403
"Pumpkaboo Large",6,"Ghost",54,66,70,44,55,46,43.9354236055403
"Pumpkaboo Super",6,"Ghost",59,66,70,44,55,41,43.9354236055403
"Gourgeist Small",6,"Ghost",65,90,122,58,75,84,51.5197966643465
"Gourgeist Average",6,"Ghost",55,85,122,58,75,99,51.5197966643465
"Gourgeist Large",6,"Ghost",75,95,122,58,75,69,51.5197966643465
"Gourgeist Super",6,"Ghost",85,100,122,58,75,54,51.5197966643465
"Bergmite",6,"Ice",55,69,85,32,35,28,44.6996141517007
"Avalugg",6,"Ice",95,117,184,44,46,28,50.5395165787817
"Noibat",6,"Flying",40,30,35,45,40,55,62.4603984283452
"Noivern",6,"Flying",85,70,80,97,80,123,104.735713793341
"Xerneas",6,"Fairy",126,131,95,131,98,99,87.6547424966693
"Yveltal",6,"Dark",126,131,95,131,98,99,100.13858571902
"Zygarde 50% Form",6,"Dragon",108,100,121,81,95,95,77.3623925261943
"Zygarde 10% Form",6,"Dragon",54,100,71,61,85,115,69.1903461240042
"Zygarde Complete Form",6,"Dragon",216,100,121,91,95,85,81.4484157272894
"Diancie",6,"Rock",50,100,150,100,150,50,88.4178365235948
"Mega Diancie",6,"Rock",50,160,110,160,110,110,131.000493592128
"Confined Hoopa",6,"Psychic",80,110,60,150,130,70,107.585193651675
"Unbound Hoopa",6,"Psychic",80,160,60,170,130,80,118.032412895388
"Volcanion",6,"Fire",80,110,120,130,90,70,83.7941641852935
"Rowlet",7,"Grass",68,55,55,50,50,42,50.2161159448514
"Dartrix",7,"Grass",78,75,75,70,70,52,58.2473603748831
"Decidueye",7,"Grass",78,107,75,100,100,70,70.2942270199308
"Litten",7,"Fire",45,65,40,60,40,70,67.2733643151897
"Torracat",7,"Fire",65,85,50,80,50,90,71.993592849505
"Incineroar",7,"Fire",95,115,90,80,90,60,71.993592849505
"Popplio",7,"Water",50,54,54,66,56,40,61.8739112773717
"Brionne",7,"Water",60,69,69,91,81,50,70.2075053766997
"Primarina",7,"Water",80,74,74,126,116,60,81.8745371157589
"Pikipek",7,"Normal",35,75,30,30,30,65,62.2052183742687
"Trumbeak",7,"Normal",55,85,50,40,50,75,65.2798472517013
"Toucannon",7,"Normal",80,120,75,75,75,60,76.0410483227153
"Yungoos",7,"Normal",48,70,30,30,30,45,62.2052183742687
"Gumshoos",7,"Normal",88,110,60,55,60,45,69.8917905678502
"Grubbin",7,"Bug",47,62,45,55,45,46,62.413697581713
"Charjabug",7,"Bug",57,82,95,55,75,36,62.413697581713
"Vikavolt",7,"Bug",77,70,90,145,75,43,111.147660605533
"Crabrawler",7,"Fighting",47,82,57,42,47,63,61.917440888758
"Crabominable",7,"Fighting",97,132,77,62,67,43,73.9876042537156
"Oricorio Baile Style",7,"Fire",75,70,70,98,70,93,76.2417985303889
"Oricorio Pom-Pom Style",7,"Electric",75,70,70,98,70,93,88.693560748669
"Oricorio Pa'u Style",7,"Psychic",75,70,70,98,70,93,80.4224236180218
"Oricorio Sensu Style",7,"Ghost",75,70,70,98,70,93,73.1894339752215
"Cutiefly",7,"Bug",40,45,40,55,40,84,62.413697581713
"Ribombee",7,"Bug",60,55,60,95,70,124,84.0732367034108
"Rockruff",7,"Rock",45,65,40,30,40,60,38.7380699436391
"Lycanroc Midday Form",7,"Rock",75,115,65,55,65,112,56.4808437221947
"Lycanroc Midnight Form",7,"Rock",85,115,75,55,75,82,56.4808437221947
"Lycanroc Dusk Form",7,"Rock",75,117,65,55,65,110,56.4808437221947
"Wishiwashi Solo Form",7,"Water",45,20,20,25,25,40,48.2068169544738
"Wishiwashi School Form",7,"Water",45,140,130,140,135,30,86.5413498113826
"Mareanie",7,"Poison",50,53,62,43,52,45,51.5594018217193
"Toxapex",7,"Poison",50,63,152,53,142,35,57.9811560778143
"Mudbray",7,"Ground",70,100,70,45,55,45,60.6362713887785
"Mudsdale",7,"Ground",100,125,100,55,85,35,64.4560087544769
"Dewpider",7,"Water",38,40,52,40,72,27,53.2069734140706
"Araquanid",7,"Water",68,70,92,50,132,42,56.5404110538018
"Fomantis",7,"Grass",40,55,35,50,35,35,50.2161159448514
"Lurantis",7,"Grass",70,105,90,80,90,45,62.262982589899
"Morelull",7,"Grass",40,35,55,65,75,15,56.2395492673752
"Shiinotic",7,"Grass",60,45,80,90,100,30,66.2786048049149
"Salandit",7,"Poison",48,44,40,71,40,77,69.5403137387855
"Salazzle",7,"Poison",68,64,60,111,60,117,95.2273307631657
"Stufful",7,"Normal",70,75,50,45,50,50,66.8171616904176
"Bewear",7,"Normal",120,125,80,55,60,60,69.8917905678502
"Bounsweet",7,"Grass",42,30,38,30,38,32,42.1848715148197
"Steenee",7,"Grass",52,40,48,40,48,62,46.2004937298355
"Tsareena",7,"Grass",72,120,98,50,98,72,50.2161159448514
"Comfey",7,"Fairy",51,52,90,82,110,100,53.7148031958593
"Oranguru",7,"Normal",90,60,80,90,110,60,80.6529916388642
"Passimian",7,"Fighting",100,120,90,40,60,80,60.7104245522622
"Wimpod",7,"Bug",25,35,40,20,30,80,43.4616008502275
"Golisopod",7,"Bug",75,125,140,60,90,40,65.1211399719253
"Sandygast",7,"Ghost",55,55,80,70,45,15,58.020687857609
"Palossand",7,"Ghost",85,75,110,100,75,35,74.2729158407653
"Pyukumuku",7,"Water",55,60,130,30,130,5,49.8735357743394
"Type: Null",7,"Normal",95,95,95,95,95,59,82.1903060775805
"Silvally",7,"Normal",95,95,95,95,95,95,82.1903060775805
"Minior Meteor Form",7,"Rock",60,60,100,60,100,60,60.0293984779058
"Minior Red Core",7,"Rock",60,100,60,100,60,120,88.4178365235948
"Minior Orange Core",7,"Rock",60,100,60,100,60,120,88.4178365235948
"Minior Yellow Core",7,"Rock",60,100,60,100,60,120,88.4178365235948
"Minior Green Core",7,"Rock",60,100,60,100,60,120,88.4178365235948
"Minior Blue Core",7,"Rock",60,100,60,100,60,120,88.4178365235948
"Minior Indigo Core",7,"Rock",60,100,60,100,60,120,88.4178365235948
"Minior Purple Core",7,"Rock",60,100,60,100,60,120,88.4178365235948
"Komala",7,"Normal",65,115,65,75,95,65,76.0410483227153
"Turtonator",7,"Fire",60,78,135,91,85,36,74.5897185433785
"Togedemaru",7,"Electric",65,98,63,40,73,96,79.7729471440867
"Mimikyu",7,"Ghost",55,90,80,50,105,96,47.1858692021715
"Bruxish",7,"Water",68,105,70,70,70,92,63.2072863332642
"Drampa",7,"Normal",78,60,85,135,91,36,94.4888215873109
"Dhelmise",7,"Ghost",70,131,100,86,90,40,66.688542781959
"Jangmo-o",7,"Dragon",45,55,65,45,45,45,62.6527090022521
"Hakamo-o",7,"Dragon",55,75,90,65,70,65,70.8247554044422
"Kommo-o",7,"Dragon",75,110,125,100,105,85,85.125836608275
"Tapu Koko",7,"Electric",70,115,85,95,75,130,88.2321497001561
"Tapu Lele",7,"Psychic",70,85,75,130,115,95,97.1379744079624
"Tapu Bulu",7,"Grass",70,130,115,85,95,75,64.270793697407
"Tapu Fini",7,"Water",70,75,115,95,130,85,71.5408804325922
"Cosmog",7,"Psychic",43,29,31,29,31,37,44.3795172272123
"Cosmoem",7,"Psychic",43,29,131,29,131,37,44.3795172272123
"Solgaleo",7,"Psychic",137,137,107,113,89,97,88.2578380508065
"Lunala",7,"Psychic",137,113,89,137,107,97,100.794501143262
"Nihilego",7,"Rock",109,53,47,127,131,103,107.580032204435
"Buzzwole",7,"Bug",107,139,139,53,53,79,61.3307206256281
"Pheromosa",7,"Bug",71,137,37,137,37,151,106.815752781193
"Xurkitree",7,"Electric",83,89,71,173,71,83,100.228836961491
"Celesteela",7,"Steel",97,101,103,107,101,61,72.139299075738
"Kartana",7,"Grass",59,181,131,59,31,109,53.8301759383657
"Guzzlord",7,"Dark",223,101,53,97,53,43,86.5226855204006
"Necrozma",7,"Psychic",97,107,101,127,89,79,95.5708915214055
"Dusk Mane Necrozma",7,"Psychic",97,157,127,113,109,77,88.2578380508065
"Dawn Wings Necrozma",7,"Psychic",97,113,109,157,127,77,111.241720386975
"Ultra Necrozma",7,"Psychic",97,167,97,167,97,129,116.465330008831
"Magearna",7,"Steel",80,95,115,130,115,65,83.384959424446
"Marshadow",7,"Fighting",90,125,80,90,90,125,90.8858329646562
"Poipole",7,"Poison",67,73,67,73,67,73,70.8246645900045
"Naganadel",7,"Poison",73,73,73,127,73,121,105.502137572918
"Stakataka",7,"Rock",61,131,211,53,101,13,55.0614218199103
"Blacephalon",7,"Fire",53,127,53,151,79,107,88.7504041463247
"Zeraora",7,"Electric",88,112,75,102,80,143,89.3087754800195
"Meltan",7,"Steel",46,65,65,55,35,34,46.714327852572
"Melmetal",7,"Steel",135,143,143,80,65,34,58.9378717098634
